Original,Query,BioCyc Common-Name,BioCyc,Kegg,ChEBI,PubChem,HMDB,ChemsSpider,Metabolights,MetanetX,BiGG,SEED,InChi,InChiKey
Bet_A1_Betaine,Betaine,glycine betaine,glycine betaine,C00719,17750,247,HMDB00043,242,MTBLC17750,MNXM289,glyb,cpd00540,"InChI=1S/C5H11NO2/c1-6(2,3)4-5(7)8/h4H2,1-3H3",InChIKey=KWIUHFFTVRNATP-UHFFFAOYSA-N
Bet_A2_Dimethylglycine,Dimethylglycine,"N,N-dimethylglycine","N,N-dimethylglycine",C01026,58251,6971056,HMDB00092,,MTBLC58251,MNXM464,,cpd00756,"InChI=1S/C4H9NO2/c1-5(2)3-4(6)7/h3H2,1-2H3,(H,6,7)",InChIKey=FFDGPVCHZBVARC-UHFFFAOYSA-N
Bet_A3_Sarcosine,Sarcosine,sarcosine,sarcosine,C00213,57433,7311726,HMDB00271,,MTBLC57433,MNXM300,sarcs,cpd00183,"InChI=1S/C3H7NO2/c1-4-2-3(5)6/h4H,2H2,1H3,(H,5,6)",InChIKey=FSYKKLYZXJSNPZ-UHFFFAOYSA-N
Gly_TCA_A1_Glucose_(D-glucopyranose),D-glucopyranose,D-glucopyranose,D-glucopyranose,C00031,4167,,HMDB0000122,,,MNXM41,glc__D,,"InChI=1S/C6H12O6/c7-1-2-3(8)4(9)5(10)6(11)12-2/h2-11H,1H2/t2-,3-,4+,5-,6?/m1/s1",InChIKey=WQZGKKKJIJFFOK-GASJEMHNSA-N
Gly_TCA_A10_Pyruvate,Pyruvate,pyruvate,pyruvate,C00022,15361,107735,HMDB00243,96901,MTBLC15361,MNXM23,pyr,cpd00020,"InChI=1S/C3H4O3/c1-2(4)3(5)6/h1H3,(H,5,6)/p-1",InChIKey=LCTONWCANYUPML-UHFFFAOYSA-M
Gly_TCA_A11_Citrate,Citrate,citrate,citrate,C00158,16947,31348,HMDB00094,29081,MTBLC16947,MNXM131,cit,cpd00137,"InChI=1S/C6H8O7/c7-3(8)1-6(13,5(11)12)2-4(9)10/h13H,1-2H2,(H,7,8)(H,9,10)(H,11,12)/p-3",InChIKey=KRKNYBCHXYNGOX-UHFFFAOYSA-K
Gly_TCA_A11b_Lactic acid,Lactic acid,lactic acid,lactic acid,C00186,28358,,HMDB0000190,,,,,,"InChI=1S/C3H6O3/c1-2(4)3(5)6/h2,4H,1H3,(H,5,6)",InChIKey=JVTAAEKCZFNVCJ-UHFFFAOYSA-N
Gly_TCA_A12_Aconitate,Aconitate,cis-aconitate,cis-aconitate,C00417,16383,5459816,HMDB00072,4573582,MTBLC16383,MNXM813,acon_C,cpd00331,"InChI=1S/C6H6O6/c7-4(8)1-3(6(11)12)2-5(9)10/h1H,2H2,(H,7,8)(H,9,10)(H,11,12)/p-3/b3-1-",InChIKey=GTZCVFVGUGFEME-IWQZZHSRSA-K
Gly_TCA_A13_D-isocitrate,D-isocitrate,D-threo-isocitrate,D-threo-isocitrate,C00451,15562,5459771,HMDB01874,4573553,MTBLC15562,MNXM162,icit,cpd00353,"InChI=1S/C6H8O7/c7-3(8)1-2(5(10)11)4(9)6(12)13/h2,4,9H,1H2,(H,7,8)(H,10,11)(H,12,13)/p-3/t2-,4+/m0/s1",InChIKey=ODBLHEXUDAPZAU-ZAFYKAAXSA-K
Gly_TCA_A13b/14b_NAD,nad,NAD+,NAD+,C00003,57540,15938971,HMDB00902,10239196,MTBLC57540,MNXM8,nad,cpd00003,"InChI=1S/C21H27N7O14P2/c22-17-12-19(25-7-24-17)28(8-26-12)21-16(32)14(30)11(41-21)6-39-44(36,37)42-43(34,35)38-5-10-13(29)15(31)20(40-10)27-3-1-2-9(4-27)18(23)33/h1-4,7-8,10-11,13-16,20-21,29-32H,5-6H2,(H5-,22,23,24,25,33,34,35,36,37)/p-1/t10-,11-,13-,14-,15-,16-,20-,21-/m1/s1",InChIKey=BAWFJGJZGIEFAR-NNYOXOHSSA-M
Gly_TCA_A14b/15b_NADH,nadh,NADH,NADH,C00004,57945,21604869,HMDB01487,10239197,MTBLC57945,MNXM10,nadh,cpd00004,"InChI=1S/C21H29N7O14P2/c22-17-12-19(25-7-24-17)28(8-26-12)21-16(32)14(30)11(41-21)6-39-44(36,37)42-43(34,35)38-5-10-13(29)15(31)20(40-10)27-3-1-2-9(4-27)18(23)33/h1,3-4,7-8,10-11,13-16,20-21,29-32H,2,5-6H2,(H2,23,33)(H,34,35)(H,36,37)(H2,22,24,25)/p-2/t10-,11-,13-,14-,15-,16-,20-,21-/m1/s1",InChIKey=BOPGDPNILDQYTO-NNYOXOHSSA-L
Gly_TCA_A15_Succinate,Succinate,succinate,succinate,C00042,30031,160419,HMDB00254,140973,MTBLC30031,MNXM25,succ,cpd00036,"InChI=1S/C4H6O4/c5-3(6)1-2-4(7)8/h1-2H2,(H,5,6)(H,7,8)/p-2",InChIKey=KDYFGRWQOYBRFD-UHFFFAOYSA-L
Gly_TCA_A16_Fumarate,Fumarate,fumarate,fumarate,C00122,29806,5460307,HMDB00134,4573886,MTBLC29806,MNXM93,fum,cpd00106,"InChI=1S/C4H4O4/c5-3(6)1-2-4(7)8/h1-2H,(H,5,6)(H,7,8)/p-2/b2-1+",InChIKey=VZCYOOQTPOCHFL-OWOJBTEDSA-L
Gly_TCA_A17_Malate,Malate,(RS)-malate,(RS)-malate,C00711,15595,,HMDB0000156,,,,,,"InChI=1S/C4H6O5/c5-2(4(8)9)1-3(6)7/h2,5H,1H2,(H,6,7)(H,8,9)/p-2",
Gly_TCA_A21_Acetyl-CoA,Acetyl-CoA,acetyl-CoA,acetyl-CoA,C00024,57288,45266541,HMDB01206,,MTBLC57288,MNXM21,accoa,cpd00022,"InChI=1S/C23H38N7O17P3S/c1-12(31)51-7-6-25-14(32)4-5-26-21(35)18(34)23(2,3)9-44-50(41,42)47-49(39,40)43-8-13-17(46-48(36,37)38)16(33)22(45-13)30-11-29-15-19(24)27-10-28-20(15)30/h10-11,13,16-18,22,33-34H,4-9H2,1-3H3,(H,25,32)(H,26,35)(H,39,40)(H,41,42)(H2,24,27,28)(H2,36,37,38)/p-4/t13-,16-,17-,18+,22-/m1/s1",InChIKey=ZSLZBFCDCINBPY-ZSJPKINUSA-J
Gly_TCA_A22_Succinyl-CoA,Succinyl-CoA,succinyl-CoA,succinyl-CoA,C00091,57292,45266545,HMDB01022,,MTBLC57292,MNXM92,succoa,cpd00078,"InChI=1S/C25H40N7O19P3S/c1-25(2,20(38)23(39)28-6-5-14(33)27-7-8-55-16(36)4-3-15(34)35)10-48-54(45,46)51-53(43,44)47-9-13-19(50-52(40,41)42)18(37)24(49-13)32-12-31-17-21(26)29-11-30-22(17)32/h11-13,18-20,24,37-38H,3-10H2,1-2H3,(H,27,33)(H,28,39)(H,34,35)(H,43,44)(H,45,46)(H2,26,29,30)(H2,40,41,42)/p-5/t13-,18-,19-,20+,24-/m1/s1",InChIKey=VNOYUJKHFWYWIR-ITIYDSSPSA-I
"Gly_TCA_A5_D-fructofuranose 1,6-bisphosphate","D-fructofuranose 1,6-bisphosphate","beta-D-fructofuranose 1,6-bisphosphate","?-D-fructofuranose 1,6-bisphosphate",C00354,32966,5460765,HMDB01058,4574223,,MNXM90006,fdp,cpd19036,"InChI=1S/C6H14O12P2/c7-4-3(1-16-19(10,11)12)18-6(9,5(4)8)2-17-20(13,14)15/h3-5,7-9H,1-2H2,(H2,10,11,12)(H2,13,14,15)/p-4/t3-,4-,5+,6-/m1/s1",InChIKey=RNBGYGVWRKECFJ-ARQDHWQXSA-J
Gly_TCA_A9_phosphoenolpyruvate,phosphoenolpyruvate,phosphoenolpyruvate,phosphoenolpyruvate,C00074,58702,3674425,HMDB00263,2907208,,MNXM73,pep,cpd00061,"InChI=1S/C3H5O6P/c1-2(3(4)5)9-10(6,7)8/h1H2,(H,4,5)(H2,6,7,8)/p-3",InChIKey=DTBNBXWJWCWCIK-UHFFFAOYSA-K
Gly_TCA_PPP_A3_D-glucose 6-phosphate,D-glucose 6-phosphate,D-glucose 6-phosphate,D-glucose 6-phosphate,C00668,17665,,HMDB0001401,,,MNXM149016,,,"InChI=1S/C6H13O9P/c7-1-3(8)5(10)6(11)4(9)2-15-16(12,13)14/h1,3-6,8-11H,2H2,(H2,12,13,14)/p-2/t3-,4+,5+,6+/m0/s1",InChIKey=VFRROHXSMXFLSN-SLPGGIOYSA-L
Gly_TCA_PPP_A6_D-glyceraldehyde 3-phosphate,D-glyceraldehyde 3-phosphate,D-glyceraldehyde 3-phosphate,D-glyceraldehyde 3-phosphate,C00118,59776,24794350,HMDB01112,,,MNXM74,g3p,,"InChI=1S/C3H7O6P/c4-1-3(5)2-9-10(6,7)8/h1,3,5H,2H2,(H2,6,7,8)/p-2/t3-/m0/s1",InChIKey=LXJXRIRHZLFYRP-VKHMYHEASA-L
Gly_TCA_Pur_Pyr_SerGly_A14_Ketoglutarate,Ketoglutarate,2-oxoglutarate,2-oxoglutarate,C00026,16810,164533,HMDB00208,144236,MTBLC16810,MNXM20,akg,cpd00024,"InChI=1S/C5H6O5/c6-3(5(9)10)1-2-4(7)8/h1-2H2,(H,7,8)(H,9,10)/p-2",InChIKey=KPGXRSRHYNQIFN-UHFFFAOYSA-L
Gly_TCA_SerGly_A8_3-phospho-D-glycerate,3-phospho-D-glycerate,3-phospho-D-glycerate,3-phospho-D-glycerate,C00197,58272,25245548,HMDB60180,,MTBLC58272,MNXM126,3pg,cpd00169,"InChI=1S/C3H7O7P/c4-2(3(5)6)1-10-11(7,8)9/h2,4H,1H2,(H,5,6)(H2,7,8,9)/p-3/t2-/m1/s1",InChIKey=OSJPPGNTCRNQQC-UWTATZPHSA-K
His_A1_Histidine,Histidine,L-histidine,L-histidine,C00135,57595,6971009,HMDB00177,,MTBLC57595,MNXM134,his__L,,"InChI=1S/C6H9N3O2/c7-5(6(10)11)1-4-2-8-3-9-4/h2-3,5H,1,7H2,(H,8,9)(H,10,11)/t5-/m0/s1",InChIKey=HNDVDQJCIGZPNO-YFKPBYRVSA-N
His_A3_4-imidazolone-5-propanoate,4-imidazolone-5-propanoate,4-imidazolone-5-propanoate,4-imidazolone-5-propanoate,C03680,27384,23615203,HMDB01014,,MTBLC57255,MNXM90394,,cpd02311,"InChI=1S/C6H8N2O3/c9-5(10)2-1-4-6(11)8-3-7-4/h3-4H,1-2H2,(H,9,10)(H,7,8,11)/p-1",InChIKey=HEXMLHKQVUFYME-UHFFFAOYSA-M
His_A4_N-formimino-L-glutamate,N-formimino-L-glutamate,N-formimino-L-glutamate,N-formimino-L-glutamate,C00439,58928,25246274,HMDB00854,,,MNXM496,,cpd00344,"InChI=1S/C6H10N2O4/c7-3-8-4(6(11)12)1-2-5(9)10/h3-4H,1-2H2,(H2,7,8)(H,9,10)(H,11,12)/p-1/t4-/m0/s1",InChIKey=NRXIKWMTVXPVEF-BYPYZUCNSA-M
PPP_A1b/3b_NADP,nadp,NADP+,NADP+,C00006,58349,15938972,HMDB00217,10239198,MTBLC58349,MNXM5,nadp,cpd00006,"InChI=1S/C21H28N7O17P3/c22-17-12-19(25-7-24-17)28(8-26-12)21-16(44-46(33,34)35)14(30)11(43-21)6-41-48(38,39)45-47(36,37)40-5-10-13(29)15(31)20(42-10)27-3-1-2-9(4-27)18(23)32/h1-4,7-8,10-11,13-16,20-21,29-31H,5-6H2,(H7-,22,23,24,25,32,33,34,35,36,37,38,39)/p-3/t10-,11-,13-,14-,15-,16-,20-,21-/m1/s1",InChIKey=XJLXINKUBYWONI-NNYOXOHSSA-K
PPP_A2b/4b_NADPH,nadph,NADPH,NADPH,C00005,57783,15983949,HMDB00221,10239199,MTBLC57783,MNXM6,nadph,cpd00005,"InChI=1S/C21H30N7O17P3/c22-17-12-19(25-7-24-17)28(8-26-12)21-16(44-46(33,34)35)14(30)11(43-21)6-41-48(38,39)45-47(36,37)40-5-10-13(29)15(31)20(42-10)27-3-1-2-9(4-27)18(23)32/h1,3-4,7-8,10-11,13-16,20-21,29-31H,2,5-6H2,(H2,23,32)(H,36,37)(H,38,39)(H2,22,24,25)(H2,33,34,35)/p-4/t10-,11-,13-,14-,15-,16-,20-,21-/m1/s1",InChIKey=ACFIXJIJDZMPPO-NNYOXOHSSA-J
PPP_A3_D-gluconate 6-phosphate,D-gluconate 6-phosphate,D-gluconate 6-phosphate,D-gluconate 6-phosphate,C00345,58759,36688186,HMDB01316,,MTBLC58759,MNXM325,6pgc,cpd00284,"InChI=1S/C6H13O10P/c7-2(1-16-17(13,14)15)3(8)4(9)5(10)6(11)12/h2-5,7-10H,1H2,(H,11,12)(H2,13,14,15)/p-3/t2-,3-,4+,5-/m1/s1",InChIKey=BIRSGZKFKXLSJQ-SQOUGZDYSA-K
PPP_A5b_D-ribose 5-phosphate,D-ribose 5-phosphate,D-ribose 5-phosphate,D-ribose 5-phosphate,C00117,78679,,HMDB01548,,,,,,"InChI=1S/C5H11O8P/c6-1-3(7)5(9)4(8)2-13-14(10,11)12/h1,3-5,7-9H,2H2,(H2,10,11,12)/p-2/t3-,4+,5-/m0/s1",
PPP_A6a_D-sedoheptulose 7-phosphate,D-sedoheptulose 7-phosphate,D-sedoheptulose 7-phosphate,D-sedoheptulose 7-phosphate,C05382,57483,46878379,HMDB01068,,MTBLC57483,MNXM271,s7p,cpd00238,"InChI=1S/C7H15O10P/c8-1-3(9)5(11)7(13)6(12)4(10)2-17-18(14,15)16/h4-8,10-13H,1-2H2,(H2,14,15,16)/p-2/t4-,5-,6-,7+/m1/s1",InChIKey=JDTUMPKOJBQPKX-GBNDHIKLSA-L
Pur_A11_IMP,IMP,IMP,IMP,C00130,58053,7140378,HMDB00175,5482599,MTBLC58053,MNXM125,imp,cpd00114,"InChI=1S/C10H13N4O8P/c15-6-4(1-21-23(18,19)20)22-10(7(6)16)14-3-13-5-8(14)11-2-12-9(5)17/h2-4,6-7,10,15-16H,1H2,(H,11,12,17)(H2,18,19,20)/p-2/t4-,6-,7-,10-/m1/s1",InChIKey=GRSZFWQUAKGDAV-KQYNXXCUSA-L
Pur_A12/13_Adenylosuccinate,Adenylosuccinate,adenylosuccinate,adenylosuccinate,C03794,57567,46878398,HMDB00536,,MTBLC57567,MNXM565,dcamp,cpd02375,"InChI=1S/C14H18N5O11P/c20-7(21)1-5(14(24)25)18-11-8-12(16-3-15-11)19(4-17-8)13-10(23)9(22)6(30-13)2-29-31(26,27)28/h3-6,9-10,13,22-23H,1-2H2,(H,20,21)(H,24,25)(H,15,16,18)(H2,26,27,28)/p-4/t5-,6+,9+,10+,13+/m0/s1",InChIKey=OFBHPPMPBOJXRT-VWJPMABRSA-J
Pur_A13_AMP,AMP,adenosine-monophosphate,AMP,C00020,456215,15938965,HMDB00045,10239183,MTBLC456215,,amp,,"InChI=1S/C10H14N5O7P/c11-8-5-9(13-2-12-8)15(3-14-5)10-7(17)6(16)4(22-10)1-21-23(18,19)20/h2-4,6-7,10,16-17H,1H2,(H2,11,12,13)(H2,18,19,20)/p-2/t4-,6-,7-,10-/m1/s1",InChIKey=UDMBCSSLTHHNCD-KQYNXXCUSA-L
Pur_A15_dADP,dADP,dADP,dADP,C00206,57667,21125569,HMDB01508,19992628,MTBLC57667,MNXM374,dadp,cpd00177,"InChI=1S/C10H15N5O9P2/c11-9-8-10(13-3-12-9)15(4-14-8)7-1-5(16)6(23-7)2-22-26(20,21)24-25(17,18)19/h3-7,16H,1-2H2,(H,20,21)(H2,11,12,13)(H2,17,18,19)/p-3/t5-,6+,7+/m0/s1",InChIKey=DAEAPNUQQAICNR-RRKCRQDMSA-K
Pur_A16_dATP,dATP,dATP,dATP,C00131,61404,25320183,HMDB01532,,MTBLC61404,MNXM286,datp,cpd00115,"InChI=1S/C10H16N5O12P3/c11-9-8-10(13-3-12-9)15(4-14-8)7-1-5(16)6(25-7)2-24-29(20,21)27-30(22,23)26-28(17,18)19/h3-7,16H,1-2H2,(H,20,21)(H,22,23)(H2,11,12,13)(H2,17,18,19)/p-4/t5-,6+,7+/m0/s1",InChIKey=SUYVUBYJARFZHO-RRKCRQDMSA-J
Pur_A17_XMP,XMP,XMP,XMP,C00655,57464,23421208,HMDB01554,3859309,MTBLC57464,MNXM298,xmp,cpd00497,"InChI=1S/C10H13N4O9P/c15-5-3(1-22-24(19,20)21)23-9(6(5)16)14-2-11-4-7(14)12-10(18)13-8(4)17/h2-3,5-6,9,15-16H,1H2,(H2,19,20,21)(H2,12,13,17,18)/p-2/t3-,5-,6-,9-/m1/s1",InChIKey=DCTLYFZHFGENCW-UUOKFMHZSA-L
Pur_A18_GMP,GMP,GMP,GMP,C00144,58115,1807035,HMDB01397,1413162,MTBLC58115,MNXM113,gmp,cpd00126,"InChI=1S/C10H14N5O8P/c11-10-13-7-4(8(18)14-10)12-2-15(7)9-6(17)5(16)3(23-9)1-22-24(19,20)21/h2-3,5-6,9,16-17H,1H2,(H2,19,20,21)(H3,11,13,14,18)/p-2/t3-,5-,6-,9-/m1/s1",InChIKey=RQFCJASXJCIDSX-UUOKFMHZSA-L
Pur_A2_PRA,5-P-BETA-D-RIBOSYL-AMINE,5-phospho-beta-D-ribosylamine,5-phospho-?-D-ribosylamine,C03090,58681,45266724,HMDB01128,,MTBLC58681,MNXM90003,pram,cpd01982,"InChI=1S/C5H12NO7P/c6-5-4(8)3(7)2(13-5)1-12-14(9,10)11/h2-5,7-8H,1,6H2,(H2,9,10,11)/p-1/t2-,3-,4-,5-/m1/s1",InChIKey=SKCBPEVYGOQGJN-TXICZTDVSA-M
Pur_A21_dGDP,dGDP,dGDP,dGDP,C00361,58595,25245673,HMDB00960,,MTBLC58595,MNXM436,dgdp,cpd00295,"InChI=1S/C10H15N5O10P2/c11-10-13-8-7(9(17)14-10)12-3-15(8)6-1-4(16)5(24-6)2-23-27(21,22)25-26(18,19)20/h3-6,16H,1-2H2,(H,21,22)(H2,18,19,20)(H3,11,13,14,17)/p-3/t4-,5+,6+/m0/s1",InChIKey=CIKGWCTVFSRMJU-KVQBGUIXSA-K
Pur_A22_dGTP,dGTP,dGTP,dGTP,C00286,61429,25246112,HMDB01440,,,MNXM344,dgtp,cpd00241,"InChI=1S/C10H16N5O13P3/c11-10-13-8-7(9(17)14-10)12-3-15(8)6-1-4(16)5(26-6)2-25-30(21,22)28-31(23,24)27-29(18,19)20/h3-6,16H,1-2H2,(H,21,22)(H,23,24)(H2,18,19,20)(H3,11,13,14,17)/p-4/t4-,5+,6+/m0/s1",InChIKey=HAAZLUGHYHWQIW-KVQBGUIXSA-J
Pur_A3_GAR,N1-(5-phospho-D-ribosyl)glycinamide,N1-(5-phospho-beta-D-ribosyl)glycinamide,N1-(5-phospho-?-D-ribosyl)glycinamide,C03838,143788,90657462,HMDB02022,,MTBLC58457,MNXM463,gar,cpd02394,"InChI=1S/C7H15N2O8P/c8-1-4(10)9-7-6(12)5(11)3(17-7)2-16-18(13,14)15/h3,5-7,11-12H,1-2,8H2,(H,9,10)(H2,13,14,15)/p-1/t3-,5-,6-,7-/m1/s1",InChIKey=OBQMLSFOUZUIOB-SHUUEZRQSA-M
Pur_A4_FGAR,N2-formyl-N1-(5-phospho-D-ribosyl)glycinamide,N2-formyl-N1-(5-phospho-beta-D-ribosyl)glycinamide,N2-formyl-N1-(5-phospho-?-D-ribosyl)glycinamide,C04376,147286,90658924,HMDB01308,,MTBLC58426,MNXM453,fgam,cpd02678,"InChI=1S/C8H15N2O9P/c11-3-9-1-5(12)10-8-7(14)6(13)4(19-8)2-18-20(15,16)17/h3-4,6-8,13-14H,1-2H2,(H,9,11)(H,10,12)(H2,15,16,17)/p-2/t4-,6-,7-,8-/m1/s1",InChIKey=VDXLUNDMVKSKHO-XVFCMESISA-L
Pur_A5_FGAM,2-(formamido)-N1-(5-phospho-D-ribosyl)acetamidine,2-(formamido)-N1-(5-phospho-beta-D-ribosyl)acetamidine,2-(formamido)-N1-(5-phospho-?-D-ribosyl)acetamidine,C04640,147287,90657386,HMDB06211,,,MNXM568,fpram,,"InChI=1S/C8H16N3O8P/c9-5(1-10-3-12)11-8-7(14)6(13)4(19-8)2-18-20(15,16)17/h3-4,6-8,13-14H,1-2H2,(H2,9,11)(H,10,12)(H2,15,16,17)/p-1/t4-,6-,7-,8-/m1/s1",InChIKey=PMCOGCVKOAOZQM-XVFCMESISA-M
Pur_A6_AIR,5-amino-1-(5-phospho-D-ribosyl)imidazole,5-amino-1-(5-phospho-beta-D-ribosyl)imidazole,5-amino-1-(5-phospho-?-D-ribosyl)imidazole,C03373,137981,44229244,HMDB01235,,,MNXM388,air,cpd02140,"InChI=1S/C8H14N3O7P/c9-5-1-10-3-11(5)8-7(13)6(12)4(18-8)2-17-19(14,15)16/h1,3-4,6-8,12-13H,2,9H2,(H2,14,15,16)/p-1/t4-,6-,7-,8-/m1/s1",InChIKey=PDACUKOKVHBVHJ-XVFCMESISA-M
Pur_A7_CAIR,CAIR,5-amino-1-(5-phospho-D-ribosyl)imidazole-4-carboxylate,5-amino-1-(5-phospho-D-ribosyl)imidazole-4-carboxylate,C04751,58564,24916886,HMDB06273,,MTBLC58564,MNXM507,5aizc,cpd02893,"InChI=1S/C9H14N3O9P/c10-7-4(9(15)16)11-2-12(7)8-6(14)5(13)3(21-8)1-20-22(17,18)19/h2-3,5-6,8,13-14H,1,10H2,(H,15,16)(H2,17,18,19)/p-3/t3-,5-,6-,8-/m1/s1",InChIKey=XFVULMDJZXYMSG-ZIYNGMLESA-K
Pur_A8_SAICAR,5'-phosphoribosyl-4-(N-succinocarboxamide)-5-aminoimidazole,5'-phosphoribosyl-4-(N-succinocarboxamide)-5-aminoimidazole,5'-phosphoribosyl-4-(N-succinocarboxamide)-5-aminoimidazole,C04823,58443,45266647,HMDB00797,,MTBLC58443,MNXM607,25aics,cpd19032,"InChI=1S/C13H19N4O12P/c14-10-7(11(22)16-4(13(23)24)1-6(18)19)15-3-17(10)12-9(21)8(20)5(29-12)2-28-30(25,26)27/h3-5,8-9,12,20-21H,1-2,14H2,(H,16,22)(H,18,19)(H,23,24)(H2,25,26,27)/p-4/t4?,5-,8-,9-,12-/m1/s1",InChIKey=NAQGHJTUZRHGAC-LBGUGVGYSA-J
Pur_A9_AICAR,5-amino-1-(5-phospho-D-ribosyl)imidazole-4-carboxamide,5-amino-1-(5-phospho-D-ribosyl)imidazole-4-carboxamide,5-amino-1-(5-phospho-D-ribosyl)imidazole-4-carboxamide,C04677,58475,45266657,HMDB01517,,MTBLC58475,MNXM365,aicar,cpd02851,"InChI=1S/C9H15N4O8P/c10-7-4(8(11)16)12-2-13(7)9-6(15)5(14)3(21-9)1-20-22(17,18)19/h2-3,5-6,9,14-15H,1,10H2,(H2,11,16)(H2,17,18,19)/p-2/t3-,5-,6-,9-/m1/s1",InChIKey=NOTGFIUVDGNKRI-UUOKFMHZSA-L
Pur_Gly_TCA_A19_ADP,ADP,adenosine-diphosphate,ADP,C00008,456216,7058055,HMDB01341,5414423,MTBLC456216,MNXM7,adp,cpd00008,"InChI=1S/C10H15N5O10P2/c11-8-5-9(13-2-12-8)15(3-14-5)10-7(17)6(16)4(24-10)1-23-27(21,22)25-26(18,19)20/h2-4,6-7,10,16-17H,1H2,(H,21,22)(H2,11,12,13)(H2,18,19,20)/p-3/t4-,6-,7-,10-/m1/s1",InChIKey=XTWYTFMLZFPYCI-KQYNXXCUSA-K
Pur_Gly_TCA_A19_GDP,GDP,guanosine-diphosphate,GDP,C00035,58189,21604868,HMDB01201,10239187,MTBLC58189,MNXM30,gdp,cpd00031,"InChI=1S/C10H15N5O11P2/c11-10-13-7-4(8(18)14-10)12-2-15(7)9-6(17)5(16)3(25-9)1-24-28(22,23)26-27(19,20)21/h2-3,5-6,9,16-17H,1H2,(H,22,23)(H2,19,20,21)(H3,11,13,14,18)/p-3/t3-,5-,6-,9-/m1/s1",InChIKey=QGWNDRXFNXRZMB-UUOKFMHZSA-K
Pur_Gly_TCA_A20_ATP,ATP,ATP,ATP,C00002,30616,5461108,HMDB00538,4574455,MTBLC30616,MNXM3,atp,cpd00002,"InChI=1S/C10H16N5O13P3/c11-8-5-9(13-2-12-8)15(3-14-5)10-7(17)6(16)4(26-10)1-25-30(21,22)28-31(23,24)27-29(18,19)20/h2-4,6-7,10,16-17H,1H2,(H,21,22)(H,23,24)(H2,11,12,13)(H2,18,19,20)/p-4/t4-,6-,7-,10-/m1/s1",InChIKey=ZKHQWZAMYRWXGA-KQYNXXCUSA-J
Pur_Gly_TCA_A20_GTP,GTP,GTP,GTP,C00044,37565,7058167,HMDB01273,5414499,MTBLC37565,MNXM51,gtp,cpd00038,"InChI=1S/C10H16N5O14P3/c11-10-13-7-4(8(18)14-10)12-2-15(7)9-6(17)5(16)3(27-9)1-26-31(22,23)29-32(24,25)28-30(19,20)21/h2-3,5-6,9,16-17H,1H2,(H,22,23)(H,24,25)(H2,19,20,21)(H3,11,13,14,18)/p-4/t3-,5-,6-,9-/m1/s1",InChIKey=XKMLYUALXHKNFT-UUOKFMHZSA-J
Pur_Pyr_A1/2/4_Glutamine,Glutamine,L-glutamine,L-glutamine,C00064,58359,6992086,HMDB00641,,MTBLC58359,MNXM37,gln__L,,"InChI=1S/C5H10N2O3/c6-3(5(9)10)1-2-4(7)8/h3H,1-2,6H2,(H2,7,8)(H,9,10)/t3-/m0/s1",InChIKey=ZDXPYRJPNDTMRX-VKHMYHEASA-N
Pur_Pyr_A1_5-PRPP,5-phospho-D-ribose 1-diphosphate,5-phospho-alpha-D-ribose 1-diphosphate,5-phospho-?-D-ribose 1-diphosphate,C00119,58017,20848918,HMDB00280,20171339,MTBLC58017,MNXM91,prpp,cpd00103,"InChI=1S/C5H13O14P3/c6-3-2(1-16-20(8,9)10)17-5(4(3)7)18-22(14,15)19-21(11,12)13/h2-7H,1H2,(H,14,15)(H2,8,9,10)(H2,11,12,13)/p-5/t2-,3-,4-,5-/m1/s1",InChIKey=PQGCEDQWHSBAJP-TXICZTDVSA-I
Pur_Pyr_SerGly_A1/2/4_Glutamic acid,Glutamic acid,L-glutamate,L-glutamate,C00025,29985,5460299,HMDB00148,4573882,MTBLC29985,,glu__L,,"InChI=1S/C5H9NO4/c6-3(5(9)10)1-2-4(7)8/h3H,1-2,6H2,(H,7,8)(H,9,10)/p-1/t3-/m0/s1",InChIKey=WHUUTDBJXJRKMK-VKHMYHEASA-M
Pur_SerGly_dTMP_A2_Glycine,Glycine,glycine,glycine,C00037,57305,5257127,HMDB00123,730,MTBLC15428,MNXM29,gly,cpd00033,"InChI=1S/C2H5NO2/c3-1-2(4)5/h1,3H2,(H,4,5)",InChIKey=DHMQDGOQFOQNFH-UHFFFAOYSA-N
Pyr_A10_UDP,UDP,uridine-diphosphate,UDP,C00015,58223,20056717,HMDB00295,16739715,MTBLC58223,MNXM17,udp,cpd00014,"InChI=1S/C9H14N2O12P2/c12-5-1-2-11(9(15)10-5)8-7(14)6(13)4(22-8)3-21-25(19,20)23-24(16,17)18/h1-2,4,6-8,13-14H,3H2,(H,19,20)(H,10,12,15)(H2,16,17,18)/p-3/t4-,6-,7-,8-/m1/s1",InChIKey=XCCTYIAWTASOJW-XVFCMESISA-K
Pyr_A11_UTP,UTP,UTP,UTP,C00075,46398,7058168,HMDB00285,5414500,MTBLC46398,MNXM121,utp,cpd00062,"InChI=1S/C9H15N2O15P3/c12-5-1-2-11(9(15)10-5)8-7(14)6(13)4(24-8)3-23-28(19,20)26-29(21,22)25-27(16,17)18/h1-2,4,6-8,13-14H,3H2,(H,19,20)(H,21,22)(H,10,12,15)(H2,16,17,18)/p-4/t4-,6-,7-,8-/m1/s1",InChIKey=PGAVKCOVUIYSFO-XVFCMESISA-J
Pyr_A12_dUDP,dUDP,dUDP,dUDP,C01346,60471,25246037,HMDB01000,,MTBLC60471,MNXM572,dudp,cpd00978,"InChI=1S/C9H14N2O11P2/c12-5-3-8(11-2-1-7(13)10-9(11)14)21-6(5)4-20-24(18,19)22-23(15,16)17/h1-2,5-6,8,12H,3-4H2,(H,18,19)(H,10,13,14)(H2,15,16,17)/p-3/t5-,6+,8+/m0/s1",InChIKey=QHWZTVCCBMIIKE-SHYZEUOFSA-K
Pyr_A16_dTDP,dTDP,thymidine-diphosphate,dTDP,C00363,58369,21124327,HMDB01274,19989845,MTBLC58369,MNXM152,dtdp,cpd00297,"InChI=1S/C10H16N2O11P2/c1-5-3-12(10(15)11-9(5)14)8-2-6(13)7(22-8)4-21-25(19,20)23-24(16,17)18/h3,6-8,13H,2,4H2,1H3,(H,19,20)(H,11,14,15)(H2,16,17,18)/p-3/t6-,7+,8+/m0/s1",InChIKey=UJLXYODCHAELLY-XLPZGREQSA-K
Pyr_A17_dTTP,dTTP,dTTP,dTTP,C00459,37568,11988283,HMDB01342,10160750,MTBLC37568,MNXM394,dttp,cpd00357,"InChI=1S/C10H17N2O14P3/c1-5-3-12(10(15)11-9(5)14)8-2-6(13)7(24-8)4-23-28(19,20)26-29(21,22)25-27(16,17)18/h3,6-8,13H,2,4H2,1H3,(H,19,20)(H,21,22)(H,11,14,15)(H2,16,17,18)/p-4/t6-,7+,8+/m0/s1",InChIKey=NHVNXKFIZYSCEB-XLPZGREQSA-J
Pyr_A18_CTP,CTP,CTP,CTP,C00063,37563,7058166,HMDB00082,5414498,MTBLC37563,MNXM63,ctp,cpd00052,"InChI=1S/C9H16N3O14P3/c10-5-1-2-12(9(15)11-5)8-7(14)6(13)4(24-8)3-23-28(19,20)26-29(21,22)25-27(16,17)18/h1-2,4,6-8,13-14H,3H2,(H,19,20)(H,21,22)(H2,10,11,15)(H2,16,17,18)/p-4/t4-,6-,7-,8-/m1/s1",InChIKey=PCDQPRRSZKQHHS-XVFCMESISA-J
Pyr_A19_CDP,CDP,cytidine-diphosphate,CDP,C00112,58069,20056867,HMDB01546,16740259,MTBLC58069,MNXM220,cdp,cpd00096,"InChI=1S/C9H15N3O11P2/c10-5-1-2-12(9(15)11-5)8-7(14)6(13)4(22-8)3-21-25(19,20)23-24(16,17)18/h1-2,4,6-8,13-14H,3H2,(H,19,20)(H2,10,11,15)(H2,16,17,18)/p-3/t4-,6-,7-,8-/m1/s1",InChIKey=ZWIADYZPOWUWEW-XVFCMESISA-K
Pyr_A20_dCDP,dCDP,dCDP,dCDP,C00705,58593,21122964,HMDB01245,19986689,MTBLC58593,MNXM411,dcdp,cpd00533,"InChI=1S/C9H15N3O10P2/c10-7-1-2-12(9(14)11-7)8-3-5(13)6(21-8)4-20-24(18,19)22-23(15,16)17/h1-2,5-6,8,13H,3-4H2,(H,18,19)(H2,10,11,14)(H2,15,16,17)/p-3/t5-,6+,8+/m0/s1",InChIKey=FTDHDKPUHBLBTL-SHYZEUOFSA-K
Pyr_A21_dCTP,dCTP,dCTP,dCTP,C00458,61481,25244665,HMDB00998,,,MNXM360,dctp,cpd00356,"InChI=1S/C9H16N3O13P3/c10-7-1-2-12(9(14)11-7)8-3-5(13)6(23-8)4-22-27(18,19)25-28(20,21)24-26(15,16)17/h1-2,5-6,8,13H,3-4H2,(H,18,19)(H,20,21)(H2,10,11,14)(H2,15,16,17)/p-4/t5-,6+,8+/m0/s1",InChIKey=RGWHQCVHVJXOKC-SHYZEUOFSA-J
Pyr_A3_Carbamoyl phosphate,Carbamoyl phosphate,carbamoyl phosphate,carbamoyl phosphate,C00169,58228,3423467,HMDB01096,2666990,MTBLC58228,MNXM138,cbp,cpd00146,"InChI=1S/CH4NO5P/c2-1(3)7-8(4,5)6/h(H2,2,3)(H2,4,5,6)/p-2",InChIKey=FFQKYPRQEYGKAF-UHFFFAOYSA-L
Pyr_A4_N-carbomoyl-aspartate,N-carbomoyl-aspartate,N-carbamoyl-L-aspartate,N-carbamoyl-L-aspartate,C00438,32814,5460257,HMDB00828,10718031,MTBLC32814,MNXM465,cbasp,cpd00343,"InChI=1S/C5H8N2O5/c6-5(12)7-2(4(10)11)1-3(8)9/h2H,1H2,(H,8,9)(H,10,11)(H3,6,7,12)/p-2/t2-/m0/s1",InChIKey=HLKXYZVTANABHZ-REOHCLBHSA-L
Pyr_A5_Dihydroorotate,Dihydroorotate,(S)-dihydroorotate,(S)-dihydroorotate,C00337,30864,5460289,HMDB00528,4573876,MTBLC30864,MNXM252,dhor__S,cpd00282,"InChI=1S/C5H6N2O4/c8-3-1-2(4(9)10)6-5(11)7-3/h2H,1H2,(H,9,10)(H2,6,7,8,11)/p-1/t2-/m0/s1",InChIKey=UFIVEPVSAGBUSI-REOHCLBHSA-M
Pyr_A6_Orotate,Orotate,orotate,orotate,C00295,30839,1492348,HMDB00226,,MTBLC30839,MNXM235,orot,cpd00247,"InChI=1S/C5H4N2O4/c8-3-1-2(4(9)10)6-5(11)7-3/h1H,(H,9,10)(H2,6,7,8,11)/p-1",InChIKey=PXQPEWDEAKTCGB-UHFFFAOYSA-M
Pyr_A9_UMP,UMP,UMP,UMP,C00105,57865,1778309,HMDB00288,1399139,MTBLC57865,MNXM80,ump,cpd00091,"InChI=1S/C9H13N2O9P/c12-5-1-2-11(9(15)10-5)8-7(14)6(13)4(20-8)3-19-21(16,17)18/h1-2,4,6-8,13-14H,3H2,(H,10,12,15)(H2,16,17,18)/p-2/t4-,6-,7-,8-/m1/s1",InChIKey=DJJCXFVJDGTHFX-XVFCMESISA-L
Pyr_dTMP_A14_dUMP,dUMP,dUMP,dUMP,C00365,246422,18601100,HMDB01409,18555972,MTBLC246422,MNXM234,dump,cpd00299,"InChI=1S/C9H13N2O8P/c12-5-3-8(11-2-1-7(13)10-9(11)14)19-6(5)4-18-20(15,16)17/h1-2,5-6,8,12H,3-4H2,(H,10,13,14)(H2,15,16,17)/p-2/t5-,6+,8+/m0/s1",InChIKey=JSRLJPSBLDHEIO-SHYZEUOFSA-L
Pyr_dTMP_A15_dTMP,dTMP,dTMP,dTMP,C00364,63528,16755631,HMDB01227,10239189,MTBLC63528,MNXM257,dtmp,cpd00298,"InChI=1S/C10H15N2O8P/c1-5-3-12(10(15)11-9(5)14)8-2-6(13)7(20-8)4-19-21(16,17)18/h3,6-8,13H,2,4H2,1H3,(H,11,14,15)(H2,16,17,18)/p-2/t6-,7+,8+/m0/s1",InChIKey=GYOZYWVXFNDGLU-XLPZGREQSA-L
Pyr_Pur_A2_Aspartate,Aspartate,L-aspartate,L-aspartate,C00049,29991,5460294,HMDB00191,4573879,MTBLC29991,MNXM42,asp__L,,"InChI=1S/C4H7NO4/c5-2(4(8)9)1-3(6)7/h2H,1,5H2,(H,6,7)(H,8,9)/p-1/t2-/m0/s1",InChIKey=CKLJMWTZIZZHCS-REOHCLBHSA-M
SAM_A2_S-Adenosyl-L-methionine,S-Adenosyl-L-methionine,S-adenosyl-L-methionine,S-adenosyl-L-methionine,C00019,59789,24762165,HMDB01185,,MTBLC59789,MNXM16,amet,cpd00017,"InChI=1S/C15H22N6O5S/c1-27(3-2-7(16)15(24)25)4-8-10(22)11(23)14(26-8)21-6-20-9-12(17)18-5-19-13(9)21/h5-8,10-11,14,22-23H,2-4,16H2,1H3,(H2-,17,18,19,24,25)/p+1/t7-,8+,10+,11+,14+,27-/m0/s1",InChIKey=MEFKEPWMEQBLKI-FCKMPRQPSA-O
SAM_A3_S-5-Adenosyl-L-homocysteine,S-5-Adenosyl-L-homocysteine,S-adenosyl-L-homocysteine,S-adenosyl-L-homocysteine,C00021,57856,25246222,HMDB00939,,MTBLC57856,MNXM19,ahcys,cpd00019,"InChI=1S/C14H20N6O5S/c15-6(14(23)24)1-2-26-3-7-9(21)10(22)13(25-7)20-5-19-8-11(16)17-4-18-12(8)20/h4-7,9-10,13,21-22H,1-3,15H2,(H,23,24)(H2,16,17,18)/t6-,7+,9+,10+,13+/m0/s1",InChIKey=ZJUKTBDSGOFHSH-WFMPWKQPSA-N
SAM_A4_Adenosine,Adenosine,adenosine,adenosine,C00212,16335,60961,HMDB00050,18660726,MTBLC16335,MNXM212,adn,cpd00182,"InChI=1S/C10H13N5O4/c11-8-5-9(13-2-12-8)15(3-14-5)10-7(18)6(17)4(1-16)19-10/h2-4,6-7,10,16-18H,1H2,(H2,11,12,13)/t4-,6-,7-,10-/m1/s1",InChIKey=OIRDTQYFTABQOQ-KQYNXXCUSA-N
SAM_A5_Homocysteine,homocysteine,homocysteine,homocysteine,C05330,17230,778,HMDB0000742,,,,,,"InChI=1S/C4H9NO2S/c5-3(1-2-8)4(6)7/h3,8H,1-2,5H2,(H,6,7)",InChIKey=FFFHZYDWPBMWHY-UHFFFAOYSA-N
SAM_A1_Methionine,Methionine,L-methionine,L-methionine,C00073,57844,6992087,HMDB00696,,MTBLC57844,MNXM61,met__L,,"InChI=1S/C5H11NO2S/c1-9-3-2-4(6)5(7)8/h4H,2-3,6H2,1H3,(H,7,8)/t4-/m0/s1",InChIKey=FFEARJCKVFRZRR-BYPYZUCNSA-N
SerGly_dTMP_A4_Serine,Serine,L-serine,L-serine,C00065,33384,6857581,HMDB00187,,MTBLC33384,,ser__L,,"InChI=1S/C3H7NO3/c4-2(1-5)3(6)7/h2,5H,1,4H2,(H,6,7)/t2-/m0/s1",InChIKey=MTCFGRXMJLQNBG-REOHCLBHSA-N
