"","Pathway total","Hits.total","Hits.sig","Expected","P(Fisher)","P(EASE)","P(Gamma)","Emp.Hits","Empirical","AdjP.Fisher","AdjP.EASE","AdjP.Gamma","Pathway Number","cpd.hits"
"Purine metabolism","80","46","39","39.794","0.00089461","0.0021669","0.19326","0","0","0.08588256","0.2080224","1","P1","EC00012;EC00013;EC0006;EC0007;EC000137;EC00031;EC00032;EC00074;EC000260;EC000249;EC00097;EC00098;EC000201;EC000250;EC000251;EC00075;EC00072;EC00066;EC000218;EC000220;EC00021;EC000115;EC000116;EC000117;EC000235;EC00026;EC00064;EC00071;EC000221;EC000222;EC000256;EC000261;EC000101;EC00063;EC000237;EC000107;EC000108;EC000145;EC000114;EC000176;EC000174;EC00038;EC000142;EC000143;EC00010;EC00028;EC00096;EC00041;EC00042"
"Alanine and Aspartate Metabolism","30","19","17","13.928","0.072128","0.16102","0.20988","6","0.06","1","1","1","P2","EC00012;EC00013;EC00011;EC0006;EC0007;EC00010;EC00036;EC00066;EC00038;EC000202;EC00022;EC00023;EC0001;EC000238;EC00021;EC00078;EC00028"
"Selenoamino acid metabolism","35","5","5","6.6323","0.074045","0.23188","0.21034","4","0.04","1","1","1","P3","EC0006;EC0007;EC00039;EC00040;EC00058;EC00097;EC00098;EC00022;EC00023"
"Prostaglandin formation from arachidonate","78","9","9","8.622","0.096231","0.24304","0.21587","3","0.03","1","1","1","P4","EC000148;EC000279;EC000201;EC00029;EC00099;EC0006;EC0007;EC0001;EC00011;EC00041;EC00042"
"Nitrogen metabolism","6","4","4","3.3162","0.10636","0.40395","0.21846","8","0.08","1","1","1","P5","EC00012;EC00013;EC00078;EC00038;EC00028"
"Hexose phosphorylation","20","13","13","5.9691","0.10698","0.30628","0.21862","4","0.04","1","1","1","P6","EC00016;EC00018;EC00051;EC00072;EC00085;EC000181;EC00096;EC000132"
"Vitamin B9 (folate) metabolism","33","7","6","5.9691","0.10698","0.30628","0.21862","2","0.02","1","1","1","P7","EC00012;EC00013;EC000256;EC00039;EC00040;EC000249;EC000202;EC00021"
"Urea cycle/amino group metabolism","85","26","19","19.234","0.11679","0.20969","0.22115","21","0.21","1","1","1","P8","EC00012;EC00013;EC00011;EC00076;EC000213;EC00036;EC000243;EC000171;EC00043;EC000123;EC000238;EC00022;EC00023;EC0001;EC00021;EC00066;EC000101;EC000152;EC000153;EC000127;EC00028;EC00047"
"D4&E4-neuroprostanes formation","37","3","3","2.6529","0.16714","0.54124","0.23475","3","0.03","1","1","1","P9","EC000201;EC00041;EC00042;EC000148"
"Arginine and Proline Metabolism","45","25","20","15.918","0.17517","0.3039","0.23702","19","0.19","1","1","1","P10","EC00012;EC00013;EC00011;EC00076;EC00010;EC00036;EC000243;EC000278;EC00043;EC000238;EC00066;EC0001;EC00075;EC000224;EC000152;EC000153;EC00038;EC00028"
"Methionine and cysteine metabolism","94","24","18","19.897","0.18271","0.29655","0.23916","13","0.13","1","1","1","P11","EC00012;EC00013;EC00011;EC0006;EC0007;EC00010;EC0001;EC00058;EC000162;EC00043;EC000102;EC00039;EC00040;EC000164;EC000165;EC00031;EC00032;EC00029;EC00097;EC00098;EC00034;EC00021"
"Tyrosine metabolism","160","48","39","31.835","0.18641","0.27111","0.24022","25","0.25","1","1","1","P12","EC0006;EC0007;EC000206;EC00012;EC00013;EC00010;EC0001;EC000172;EC000148;EC000200;EC000229;EC000252;EC00034;EC000127;EC000166;EC00049;EC00041;EC00042;EC00050;EC00085;EC00086;EC00038;EC000296;EC000135;EC00066;EC000213;EC000272;EC00031;EC00032;EC00029;EC000170;EC00058;EC00022;EC00023"
"Beta-Alanine metabolism","20","8","6","6.6323","0.23871","0.47987","0.25588","16","0.16","1","1","1","P13","EC00012;EC00013;EC0001;EC00022;EC00023;EC00092;EC00028;EC00010"
"Leukotriene metabolism","92","9","8","8.622","0.25106","0.46165","0.25976","12","0.12","1","1","1","P14","EC00011;EC0006;EC0007;EC0001;EC00099;EC00012;EC00013;EC00029;EC00021;EC000301"
"Biopterin metabolism","22","3","3","1.9897","0.26214","0.70221","0.2633","9","0.09","1","1","1","P15","EC00049;EC00050;EC00026"
"Glycine, serine, alanine and threonine metabolism","88","35","26","25.866","0.29996","0.41671","0.27585","40","0.4","1","1","1","P16","EC00012;EC00013;EC00011;EC0006;EC0007;EC00010;EC0001;EC00036;EC000198;EC00091;EC00092;EC000155;EC000194;EC000123;EC00043;EC000152;EC000153;EC00047;EC00039;EC00040;EC00058;EC00093;EC00029;EC00022;EC00023;EC00021;EC00084"
"Heparan sulfate degradation","34","4","4","3.9794","0.30039","0.62311","0.276","26","0.26","1","1","1","P17","EC00011;EC00016;EC00018;EC00034;EC0001"
"Omega-6 fatty acid metabolism","55","4","4","3.9794","0.30039","0.62311","0.276","11","0.11","1","1","1","P18","EC0006;EC0007;EC00011;EC00099;EC0001"
"Propanoate metabolism","31","15","13","9.9485","0.32059","0.52424","0.28301","24","0.24","1","1","1","P19","EC00011;EC0006;EC0007;EC00058;EC000179;EC0001;EC000192;EC000253;EC00092;EC00010;EC00084"
"Ascorbate (Vitamin C) and Aldarate Metabolism","29","13","11","9.2852","0.39218","0.60511","0.30979","24","0.24","1","1","1","P20","EC000106;EC000201;EC000179;EC00029;EC000170;EC000264;EC00041;EC00042;EC000148;EC000217"
"Arachidonic acid metabolism","95","10","8","9.2852","0.39218","0.60511","0.30979","32","0.32","1","1","1","P21","EC00012;EC00013;EC00011;EC0006;EC0007;EC0001;EC00062;EC00029;EC00099;EC00021"
"Porphyrin metabolism","43","11","8","9.2852","0.39218","0.60511","0.30979","35","0.35","1","1","1","P22","EC000202;EC000152;EC000153;EC0001;EC00021;EC00041;EC00042;EC000186;EC000148;EC00086"
"Squalene and cholesterol biosynthesis","55","6","5","5.3058","0.40496","0.68179","0.31491","24","0.24","1","1","1","P23","EC00011;EC000150;EC000204;EC000205;EC0001;EC00058"
"Vitamin H (biotin) metabolism","5","3","3","3.3162","0.41024","0.74719","0.31706","23","0.23","1","1","1","P24","EC00065;EC00027;EC0006;EC0007"
"Omega-3 fatty acid metabolism","39","3","3","3.3162","0.41024","0.74719","0.31706","19","0.19","1","1","1","P25","EC00011;EC0006;EC0007;EC0001"
"Nucleotide Sugar Metabolism","7","5","4","3.3162","0.41024","0.74719","0.31706","16","0.16","1","1","1","P26","EC00051;EC000158;EC00086;EC000182"
"3-oxo-10R-octadecatrienoate beta-oxidation","27","2","2","1.3265","0.41037","0.86963","0.31711","17","0.17","1","1","1","P27","EC00011;EC0001"
"Lipoate metabolism","8","2","2","1.3265","0.41037","0.86963","0.31711","21","0.21","1","1","1","P28","EC000179;EC00027"
"Vitamin B1 (thiamin) metabolism","20","5","4","4.6426","0.51153","0.7821","0.36235","30","0.3","1","1","1","P29","EC0001;EC00011;EC0006;EC0007;EC00010"
"Vitamin E metabolism","54","5","4","4.6426","0.51153","0.7821","0.36235","29","0.29","1","1","1","P30","EC00011;EC0006;EC0007;EC000170;EC0001"
"Chondroitin sulfate degradation","37","2","2","2.6529","0.54715","0.86317","0.38038","31","0.31","1","1","1","P31","EC00016;EC00018;EC00034"
"Putative anti-Inflammatory metabolites formation from EPA","27","2","2","2.6529","0.54715","0.86317","0.38038","34","0.34","1","1","1","P32","EC00012;EC00013;EC00029"
"Alkaloid biosynthesis II","10","2","2","2.6529","0.54715","0.86317","0.38038","19","0.19","1","1","1","P33","EC0001;EC0006;EC0007"
"Pyrimidine metabolism","70","45","33","37.141","0.55354","0.64937","0.38374","72","0.72","1","1","1","P34","EC00057;EC000138;EC00010;EC00015;EC00096;EC000140;EC00038;EC0006;EC0007;EC00012;EC00013;EC000154;EC00031;EC00032;EC00022;EC00023;EC000157;EC000158;EC000177;EC00058;EC00089;EC000184;EC00061;EC00064;EC000129;EC000119;EC000120;EC00072;EC00063;EC000151;EC000114;EC000176;EC00051;EC00026;EC00078;EC00028"
"Pentose phosphate pathway","37","27","21","13.265","0.56958","0.73122","0.39239","57","0.57","1","1","1","P35","EC000113;EC000130;EC00063;EC0006;EC0007;EC000225;EC000106;EC00051;EC000132;EC00064;EC00016;EC00018;EC000176"
"Ubiquinone Biosynthesis","10","7","5","5.9691","0.58731","0.81052","0.40227","38","0.38","1","1","1","P36","EC0001;EC00011;EC0006;EC0007;EC000206;EC00085"
"Vitamin B3 (nicotinate and nicotinamide) metabolism","28","11","7","9.2852","0.61552","0.79431","0.41877","53","0.53","1","1","1","P37","EC00012;EC00013;EC0006;EC0007;EC00036;EC00038;EC00064;EC00063;EC00028"
"C5-Branched dibasic acid metabolism","10","7","4","3.9794","0.62994","0.87127","0.4276","42","0.42","1","1","1","P38","EC0001;EC00011;EC00010;EC00026"
"CoA Catabolism","7","4","3","3.9794","0.62994","0.87127","0.4276","59","0.59","1","1","1","P39","EC0001;EC0006;EC0007;EC000183"
"Mono-unsaturated fatty acid beta-oxidation","19","4","3","3.9794","0.62994","0.87127","0.4276","48","0.48","1","1","1","P40","EC00011;EC0001;EC0006;EC0007"
"Vitamin B6 (pyridoxine) metabolism","11","1","1","0.66323","0.6412","1","0.43468","41","0.41","1","1","1","P41","EC000127"
"Sialic acid metabolism","107","17","13","10.612","0.66429","0.82002","0.44979","66","0.66","1","1","1","P42","EC00016;EC00018;EC000136;EC00051;EC00039;EC00040;EC000109;EC000110;EC00062;EC00070"
"Fructose and mannose metabolism","33","24","20","10.612","0.66429","0.82002","0.44979","69","0.69","1","1","1","P43","EC000133;EC000134;EC00092;EC00051;EC000197;EC00016;EC00018;EC000181;EC00054;EC00026"
"Aminosugars metabolism","69","21","15","13.928","0.6806","0.81482","0.46096","59","0.59","1","1","1","P44","EC00012;EC00013;EC00011;EC00010;EC00070;EC00038;EC00051;EC000136;EC000275;EC000109;EC000110;EC0001;EC000132"
"N-Glycan Degradation","16","4","4","5.3058","0.68915","0.88242","0.467","62","0.62","1","1","1","P45","EC00016;EC00018;EC000109;EC000110;EC000197"
"Glycerophospholipid metabolism","156","31","20","22.55","0.69273","0.79751","0.46956","74","0.74","1","1","1","P46","EC00011;EC000207;EC0001;EC00010;EC000208;EC000125;EC00052;EC00053;EC000275;EC000131;EC00039;EC00040;EC00016;EC00018;EC00092;EC000168;EC00062;EC00051;EC000294;EC000293;EC00099"
"Histidine metabolism","33","12","8","11.938","0.70599","0.84202","0.47927","60","0.6","1","1","1","P47","EC00012;EC00013;EC00011;EC0006;EC0007;EC00022;EC00023;EC00029;EC0001;EC00089;EC00010"
"Glycosylphosphatidylinositol(GPI)-anchor biosynthesis","6","3","2","1.9897","0.70682","0.95335","0.47988","29","0.29","1","1","1","P48","EC0001;EC00051"
"Aspartate and asparagine metabolism","114","41","30","25.866","0.70796","0.80291","0.48073","77","0.77","1","1","1","P49","EC00012;EC00013;EC00011;EC0006;EC0007;EC00076;EC000152;EC000153;EC00058;EC0001;EC000277;EC00078;EC000199;EC000224;EC00047;EC00028;EC00036;EC00038;EC000192;EC000203;EC000278;EC00029;EC00021;EC00027"
"Glycosphingolipid metabolism","67","21","14","15.254","0.71756","0.83673","0.488","68","0.68","1","1","1","P50","EC00011;EC00016;EC00018;EC000131;EC00070;EC00015;EC000109;EC000110;EC00031;EC00032;EC0001;EC00039;EC00040;EC00034"
"Pyruvate Metabolism","20","13","9","6.6323","0.73484","0.89384","0.50156","63","0.63","1","1","1","P51","EC0001;EC00092;EC00084;EC00011;EC00010;EC00029"
"Vitamin B5 - CoA biosynthesis from pantothenate","12","7","5","6.6323","0.73484","0.89384","0.50156","64","0.64","1","1","1","P52","EC0001;EC0006;EC0007;EC00061;EC000241;EC000183"
"Bile acid biosynthesis","82","14","5","6.6323","0.73484","0.89384","0.50156","58","0.58","1","1","1","P53","EC00021;EC0006;EC0007;EC0001;EC000102;EC00084"
"Carbon fixation","10","9","5","6.6323","0.73484","0.89384","0.50156","77","0.77","1","1","1","P54","EC00051;EC00010;EC000133;EC000134;EC00063;EC00028"
"Starch and Sucrose Metabolism","33","9","7","6.6323","0.73484","0.89384","0.50156","75","0.75","1","1","1","P55","EC00051;EC00015;EC000180;EC00016;EC00018;EC00086"
"Vitamin B2 (riboflavin) metabolism","8","3","2","3.3162","0.75251","0.94049","0.5161","65","0.65","1","1","1","P56","EC0006;EC0007;EC00035"
"Phosphatidylinositol phosphate metabolism","59","19","14","11.275","0.76975","0.88703","0.53102","83","0.83","1","1","1","P57","EC00016;EC00018;EC000207;EC000254;EC000255;EC000133;EC000134;EC00051;EC0001;EC00062"
"Glutathione Metabolism","19","9","5","7.9588","0.77163","0.90469","0.53269","75","0.75","1","1","1","P58","EC000224;EC00012;EC00013;EC00022;EC00023;EC00029;EC00021"
"Di-unsaturated fatty acid beta-oxidation","26","5","3","4.6426","0.78783","0.93815","0.54753","64","0.64","1","1","1","P59","EC00011;EC0006;EC0007;EC0001"
"Keratan sulfate biosynthesis","66","5","3","4.6426","0.78783","0.93815","0.54753","74","0.74","1","1","1","P60","EC00070;EC00031;EC00032;EC00015"
"Proteoglycan biosynthesis","27","5","3","4.6426","0.78783","0.93815","0.54753","63","0.63","1","1","1","P61","EC00031;EC00032;EC00086;EC00015"
"Pentose and Glucuronate Interconversions","15","8","6","4.6426","0.78783","0.93815","0.54753","81","0.81","1","1","1","P62","EC00086;EC000141;EC00063;EC000106"
"C21-steroid hormone biosynthesis and metabolism","112","8","3","4.6426","0.78783","0.93815","0.54753","71","0.71","1","1","1","P63","EC00086;EC00031;EC00032;EC00034"
"Lysine metabolism","52","14","7","12.601","0.79876","0.90023","0.55797","69","0.69","1","1","1","P64","EC00012;EC00013;EC0006;EC0007;EC00027;EC0001;EC00021;EC000189;EC000190;EC000191;EC000156"
"Glycolysis and Gluconeogenesis","49","28","19","13.928","0.82372","0.91181","0.58335","81","0.81","1","1","1","P65","EC00011;EC000133;EC000134;EC00051;EC00010;EC0006;EC0007;EC0001;EC00016;EC00018;EC00026;EC00092"
"Butanoate metabolism","34","18","13","13.928","0.82372","0.91181","0.58335","74","0.74","1","1","1","P66","EC00012;EC00013;EC00011;EC0006;EC0007;EC00010;EC00058;EC000281;EC00091;EC000192;EC000280;EC0001"
"Glutamate metabolism","15","12","7","10.612","0.82764","0.92381","0.58755","84","0.84","1","1","1","P67","EC00012;EC00013;EC00022;EC00023;EC00010;EC00038;EC000243;EC00029;EC00058"
"Keratan sulfate degradation","68","5","4","7.2955","0.8403","0.94347","0.60153","82","0.82","1","1","1","P68","EC00016;EC00018;EC000109;EC000110;EC00034;EC000197"
"Galactose metabolism","41","24","19","11.938","0.84945","0.93204","0.61209","91","0.91","1","1","1","P69","EC00016;EC00018;EC00051;EC00015;EC00092;EC00061;EC000133;EC000134;EC000181;EC00062"
"Polyunsaturated fatty acid biosynthesis","21","4","2","2.6529","0.86648","0.98341","0.63287","65","0.65","1","1","1","P70","EC0001;EC00011"
"Dimethyl-branched-chain fatty acid mitochondrial beta-oxidation","19","4","2","2.6529","0.86648","0.98341","0.63287","63","0.63","1","1","1","P71","EC0001;EC00011"
"Trihydroxycoprostanoyl-CoA beta-oxidation","9","2","1","1.3265","0.87203","1","0.63998","71","0.71","1","1","1","P72","EC0001"
"Tryptophan metabolism","94","21","13","17.907","0.8806","0.93899","0.65137","93","0.93","1","1","1","P73","EC00012;EC00013;EC00011;EC0006;EC0007;EC0001;EC000227;EC000228;EC00048;EC000252;EC00029;EC00016;EC00018;EC00022;EC00023"
"Vitamin A (retinol) metabolism","67","5","3","5.3058","0.88651","0.97159","0.6595","70","0.7","1","1","1","P74","EC00086;EC0006;EC0007;EC0001"
"Androgen and estrogen biosynthesis and metabolism","95","7","4","6.6323","0.89807","0.97066","0.67618","88","0.88","1","1","1","P75","EC00086;EC00031;EC00032;EC00029;EC00034"
"Glycosphingolipid biosynthesis - ganglioseries","62","9","5","7.9588","0.90896","0.97117","0.69295","94","0.94","1","1","1","P76","EC00016;EC00018;EC00070;EC00031;EC00032;EC00015"
"De novo fatty acid biosynthesis","106","17","9","13.928","0.91714","0.96457","0.70632","89","0.89","1","1","1","P77","EC00011;EC0006;EC0007;EC0001;EC000178;EC000285;EC000231;EC000236;EC00031;EC00032;EC00099"
"Xenobiotics metabolism","110","10","6","9.2852","0.91894","0.97247","0.70937","91","0.91","1","1","1","P78","EC00031;EC00032;EC00029;EC000291;EC00086;EC000292;EC000231"
"Saturated fatty acids beta-oxidation","36","5","2","3.3162","0.94246","0.99413","0.75329","84","0.84","1","1","1","P79","EC00011;EC0001"
"O-Glycan biosynthesis","16","4","2","3.3162","0.94246","0.99413","0.75329","84","0.84","1","1","1","P80","EC00070;EC00015"
"Linoleate metabolism","46","8","4","7.2955","0.94622","0.9862","0.76118","97","0.97","1","1","1","P81","EC000201;EC00029;EC00041;EC00042;EC00086"
"Valine, leucine and isoleucine degradation","65","26","15","14.591","0.94983","0.97996","0.76907","91","0.91","1","1","1","P82","EC00012;EC00013;EC0006;EC0007;EC00011;EC00058;EC00067;EC00091;EC000198;EC000192;EC0001"
"Hyaluronan Metabolism","8","2","1","1.9897","0.95463","1","0.78003","94","0.94","1","1","1","P83","EC00086"
"Drug metabolism - other enzymes","31","3","1","1.9897","0.95463","1","0.78003","82","0.82","1","1","1","P84","EC000289"
"Glycosphingolipid biosynthesis - globoseries","16","7","3","6.6323","0.9722","0.99459","0.82671","97","0.97","1","1","1","P85","EC00015;EC00070;EC00016;EC00018"
"N-Glycan biosynthesis","48","14","8","10.612","0.97591","0.99313","0.83845","99","0.99","1","1","1","P86","EC00070;EC00061;EC00015;EC00054;EC00016;EC00018;EC00051"
"Fatty acid oxidation","35","6","2","3.9794","0.97615","0.99794","0.83925","94","0.94","1","1","1","P87","EC00011;EC0001"
"Carnitine shuttle","72","4","1","2.6529","0.98401","1","0.86793","92","0.92","1","1","1","P88","EC0001"
"Fatty Acid Metabolism","63","10","4","7.2955","0.98705","0.99773","0.88095","97","0.97","1","1","1","P89","EC00011;EC00062;EC000231;EC0001"
"Phytanic acid peroxisomal oxidation","34","8","3","7.2955","0.98705","0.99773","0.88095","96","0.96","1","1","1","P90","EC00011;EC0006;EC0007;EC0001"
"Glycosphingolipid biosynthesis - lactoseries","14","6","2","4.6426","0.99041","0.99928","0.89734","100","1","1","1","1","P91","EC00070;EC00015"
"Blood Group Biosynthesis","44","6","2","4.6426","0.99041","0.99928","0.89734","100","1","1","1","1","P92","EC00070;EC00015"
"Glycosphingolipid biosynthesis - neolactoseries","16","6","2","4.6426","0.99041","0.99928","0.89734","100","1","1","1","1","P93","EC00070;EC00015"
"TCA cycle","31","13","5","9.2852","0.99377","0.9988","0.91712","99","0.99","1","1","1","P94","EC00066;EC00011;EC0001;EC000148;EC00026"
"Fatty acid oxidation, peroxisome","28","7","2","5.3058","0.99623","0.99975","0.93537","99","0.99","1","1","1","P95","EC00011;EC0001"
"Fatty acid activation","74","15","5","11.938","0.99863","0.99974","0.96082","100","1","1","1","1","P96","EC0006;EC0007;EC00011;EC000178;EC0001;EC000236"
