compound,Label,Pur_A9_AICAR,Pyr_A9_UMP,Pyr_dTMP_A15_dTMP,Pur_A4_FGAR,Pyr_dTMP_A14_dUMP,PPP_A6a_D-sedoheptulose 7-phosphate,Pur_A3_GAR,PPP_A3_D-gluconate 6-phosphate,Gly_TCA_PPP_A3_D-glucose 6-phosphate,PPP_A5b_D-ribose 5-phosphate,Pur_A2_PRA,Gly_TCA_A10_Pyruvate,Gly_TCA_A1_Glucose_(D-glucopyranose),Pyr_A4_N-carbomoyl-aspartate,Gly_TCA_A12_Aconitate,Gly_TCA_PPP_A6_D-glyceraldehyde 3-phosphate,Gly_TCA_A9_phosphoenolpyruvate,Pyr_A5_Dihydroorotate,Pyr_A6_Orotate,Gly_TCA_Pur_Pyr_SerGly_A14_Ketoglutarate,Pyr_A3_Carbamoyl phosphate,Gly_TCA_A17_Malate,Pyr_Pur_A2_Aspartate,Gly_TCA_A15_Succinate,Gly_TCA_A16_Fumarate,Gly_TCA_A11b_Lactic acid,Gly_TCA_SerGly_A8_3-phospho-D-glycerate,Gly_TCA_A22_Succinyl-CoA,Gly_TCA_A21_Acetyl-CoA,PPP_A2b/4b_NADPH,PPP_A1b/3b_NADP,Gly_TCA_A14b/15b_NADH,Gly_TCA_A13b/14b_NAD,Pur_Gly_TCA_A20_ATP,Pur_A22_dGTP,Pur_A16_dATP,Pyr_A11_UTP,Pyr_A18_CTP,Pyr_A17_dTTP,Pyr_A21_dCTP,"Gly_TCA_A5_D-fructofuranose 1,6-bisphosphate",Pur_A8_SAICAR,Pur_Gly_TCA_A19_GDP,Pur_A21_dGDP,Pur_Gly_TCA_A19_ADP,Pur_A15_dADP,Pyr_A10_UDP,Pyr_A19_CDP,Pyr_A16_dTDP,Pur_Pyr_A1_5-PRPP,Pyr_A12_dUDP,Pyr_A20_dCDP,Pur_A17_XMP,Pur_A18_GMP,Pur_A11_IMP,Pur_A12/13_Adenylosuccinate,Pur_Gly_TCA_A20_GTP,Gly_TCA_A11_Citrate,Gly_TCA_A13_D-isocitrate,SAM_A2_S-Adenosyl-L-methionine,SAM_A3_S-5-Adenosyl-L-homocysteine,Pur_A13_AMP,Pur_A7_CAIR,Pur_A5_FGAM,Pur_A6_AIR,SAM_A4_Adenosine,SAM_A1_Methionine,Pur_Pyr_SerGly_A1/2/4_Glutamic acid,Pur_Pyr_A1/2/4_Glutamine,SAM_A5_Homocysteine,SerGly_dTMP_A4_Serine,Pur_SerGly_dTMP_A2_Glycine
2_WT_b1_t1,WT,7060.9,1817036.5,94039.71,8849.92,15374.15,8090.56,449.62,367.28,22709.49,30457.76,0,73839.62,51060.86,14402.24,25244.13,12264.27,33672.27,16582.9,3751.04,251972.77,51871.21,1061751.88,14691337,171043.62,368867.97,1298079.5,21323.45,1907.21,31825.03,74739.4,53367.98,156260.48,476645.47,5504153,5504153,41103.89,1530288.5,185923.11,122714.41,25731.61,12605.78,0,186372.67,1979577.62,1979577.62,13953.74,1023034.81,104584.91,28365.47,2837.76,0,8986.06,8436.82,522556.66,1250509.75,12181.01,127176.71,202164.42,202164.42,586126.31,92016.66,10783885,0,0,7252.77,247988.73,4791752.5,69964344,42670048,7493.14,648691.5,97208.09
8_WT_b2_t1,WT,8589.22,2089801.88,112822.95,10247.27,23723.71,9414.25,1114.48,495.53,28169.47,23309.91,0,111861.01,50262.16,14868.4,24693.16,11255.41,30044.35,17831.88,6605.84,222080.56,50210.06,1129569.5,14523107,179212.45,376551.28,1958792.12,24384.03,2165.65,29628.21,60758.78,46073.73,166959.06,404601.16,4867851.5,4867851.5,35101.19,1373461.62,174723.7,121685.55,22384.19,15112.26,0,224893.69,2556843.25,2556843.25,16226.17,1464468,144065.83,39537.87,2843.72,0,10107.4,10880.91,654441.69,1684253.38,15763.26,104937.41,147979.23,147979.23,676623.69,105183.94,12228583,0,0,8110.82,487983.5,4569448,63597492,35104208,7077.27,601024.56,92298
14_WT_b3_t1,WT,10050.77,2281214.25,124601.45,10335.44,26603.92,8171.35,713.03,0,22287.05,27924.22,0,135111.12,50170.08,15029.02,22410.23,12516.11,23610.92,20762.84,10627.78,203400.61,53467.78,1119781.38,14083121,223426.56,369432.5,2377154,24232.56,2763.42,26865.25,53152.51,38188.03,157503.84,390232.22,3471679.25,3471679.25,25619.14,853210,117109.34,88078.7,15570.52,13209.37,0,196831.23,2488263.5,2488263.5,17324.02,1222046.5,122859.21,44416.37,2526.49,0,8469.8,9042.97,743208.69,1788555,16750.87,72381.3,161677.89,161677.89,697818.31,123657.27,14495429,0,0,7726.63,933405.06,5357314.5,67834328,45543520,3891.69,672028.56,93590.44
20_WT_b1_t2,WT,6183.73,1541610.5,76551.2,9681.96,13679.08,7494.14,408.13,521.3,26065.09,26945.23,0,71839.14,51596.32,16041.79,22579.81,12948.61,28737.78,16854.46,3585.3,232534.02,50401.67,942128.69,15493877,154201.86,403438.22,1246010,21744.53,3008.11,29184.95,65607.65,51274.03,135534.05,432205.22,5012450.5,5012450.5,37301,1296431.25,169246.84,119075.48,22254.53,14519.68,0,174017.77,1939806,1939806,13965.55,1010220.25,100410.66,26769.26,1681.98,0,7962.45,8703.22,504096.91,1241927.88,9073.73,104776.71,169336.31,169336.31,697979.31,100829.66,10069238,0,0,7531,245545.83,4309191,65747616,39432456,7877.69,566254.44,71521.52
26_WT_b2_t2,WT,7282.72,1838999.62,102547.48,9311.42,21346.76,8052.42,515.91,551.46,29400.22,25485.74,0,115132.87,53445.59,17106.51,20261.28,11786.42,32755.87,18906.1,9269.47,218007.64,54196.06,1202197.88,18886198,179874.2,453476.62,1897046.38,26524.42,2932.49,29159.26,61797.56,47184.08,159488.25,373816.59,4612158.5,4612158.5,31484.2,1224242.88,169209.31,110847.59,20721.77,14171.59,0,223438.36,2637269.75,2637269.75,15116.74,1432272,132451.92,39346.5,2787.92,0,12515.92,9170.48,615392.44,1681973.88,17380.41,91098.41,156346.55,156346.55,719358.69,111048.84,12472333,0,0,7926.15,537923.44,4554982.5,68810008,40804912,3927,746147.5,80805.09
32_WT_b3_t2,WT,11721.54,2182382.75,134137.77,11070.68,30594.72,9022.33,805.27,387.33,22365.47,25857.64,0,127264.6,51871.21,13220.5,21409.38,13342.44,26916.8,20278.94,12607.83,199947,53280.93,1223816.88,17251446,224363.95,437191.72,2376628,21538.92,2471.07,27592.69,50420.33,42325.18,161693.58,377799.84,4282933.5,4282933.5,32213.99,1110907.88,148770.77,115372.71,18005.8,14301.49,0,224626.67,2758434.75,2758434.75,15975.52,1411173.12,121858.28,42342.66,3188.42,0,10110.4,9806.78,785706,1754686.62,17286.67,92728.75,165268.42,165268.42,776374.5,134263.11,16715168,0,0,9933.24,929376.56,5678848,70048272,45859060,8215.7,701065.19,97866.09
3_PM-31_b1_t1,PM-31,4548.06,1518556.38,88379.94,7788.48,15820.69,8511.68,0,390.92,16575.04,36251.01,0,66251.55,57880.79,9141.57,21742.84,11526.27,52041.22,8291.58,4084.35,284300.59,58960.22,948409.31,16281304,146931.86,404140.5,959424.19,29367.55,4395.9,32715.44,39234.76,92233.87,127246.23,527693.19,6109650.5,6109650.5,57890.51,1875479.88,250182.48,172971.69,31907.82,12786.54,0,168482.69,1739350.38,1739350.38,12480.05,934976.94,114993.19,22700.44,2339.67,0,5080.95,18888.44,511890.28,814327.69,9873.39,140360.44,176105.45,176105.45,613642.56,112261.71,9523657,0,0,6255.08,206497.62,4654957.5,76658072,24032816,7857.95,455459.84,113693.04
9_PM-31_b2_t1,PM-31,4362.42,1440403.62,80504.76,6774.25,22241.96,8361.27,0,501.17,16750.4,31937.06,0,65870.55,52945.75,8256.58,21627.3,10998.99,54034.16,10573.4,5513.78,262217.28,59219.48,1047964.31,18429938,126046.34,454945.25,854944.94,33575.71,4504.32,33939.42,36193.86,103173.09,130128.04,529630.19,7377153.5,7377153.5,62374,2076771.38,259623.8,180942.92,36607.09,12757.3,0,184916.89,1910673.5,1910673.5,12779.1,1034694.69,125156.15,22606.79,2439.46,0,6695.17,19239.53,470286.66,756896.5,10139.71,150100.17,145307.08,145307.08,576597.19,132575.81,8435464,0,0,7788.04,384655.09,4543108.5,79064312,19420534,5324.03,453334.66,117993
15_PM-31_b3_t1,PM-31,6812.97,1909335.62,121586.31,7322.28,21329.71,7568.6,377.36,452.9,17574.54,33413.88,0,91676.24,63488.39,8367.83,23226.81,10853.13,34615.99,9444.48,5878.71,205938.3,53813.03,1040906.69,16315016,170200.08,408947.75,1665690.88,25336.02,2672.7,27140.73,38417.57,56987.45,154397.16,448183.75,4511272.5,4511272.5,43193.79,1285201,164422.39,120061.84,19574.46,10955.92,0,174831.56,1932420.62,1932420.62,13205.63,1063295.38,111487.24,31090.57,2304.19,0,6225.58,26648.12,700589.19,1029629.31,13787.36,88587.69,140836.61,140836.61,655999.75,109539.16,14301461,0,0,4398.14,732188.19,4605015.5,74408400,25680342,5224.85,417412.62,105013.87
21_PM-31_b1_t2,PM-31,3834.23,1272825.38,83445.1,7116.9,14709.37,6948.62,0,443.38,16320.5,32975.05,0,60762.5,54130.08,7913.41,22092.78,11735.99,50023.54,10200.65,5384.24,297724.53,52319.56,968423.81,19177294,150981.42,472369.09,944748.75,32261.93,4214.27,30606.08,40586.97,91833.46,126122.41,528228.06,6078128.5,6078128.5,53732.74,1760587.88,217431.31,166723.55,28565.15,12109.01,0,178874.36,1674588.62,1674588.62,14022.33,936131.69,110182.85,20602.38,3006.71,0,5999.21,17101.83,511761.59,756447.19,7239.15,125115.05,148519.02,148519.02,665306.25,124221.95,11024963,0,0,3996.45,210233.58,4735772.5,75177480,25374670,11250.33,448432.25,101505.38
27_PM-31_b2_t2,PM-31,4492.54,1240467.38,74112.72,5886.1,22279.09,7043.37,0,449.17,13188.99,28666.65,0,60458.12,47002.14,9617.57,21571.96,11426.73,58821.61,10122.19,4899.94,249118.5,51372.33,956934.75,22090742,116357.69,559330.56,812233.44,40065.01,3065.53,29416.15,31156.01,100434.96,127463.26,527935.31,6578820,6578820,59810.64,2093482,272225.88,181684.36,33276.89,11834.9,0,185904.12,1911922.38,1911922.38,13594.17,951924.5,121902.96,20729.94,2895.6,0,6494.73,17502.95,439414.34,762612.19,9405.56,148456.14,143125.08,143125.08,741829.5,117688.65,9575283,0,0,7658.55,407505.91,4994419.5,73723680,18605722,9470.36,385863.53,112622.34
33_PM-31_b3_t2,PM-31,6977.9,1808221,117254.53,6576.56,19728.55,6580.99,0,0,15854.72,34136.45,0,91727.62,66814.05,7916,22672.13,12284.99,39693.19,9806.71,9394.17,191447.94,56108.25,1045224.06,20229182,174647.11,503228.53,1633780,26244.66,1877.25,25096.33,38023.99,58986.02,142615.55,434641.38,4836470.5,4836470.5,44333.59,1349047.38,183650.55,142673.91,23321.5,10634.02,0,175709.36,2052009.12,2052009.12,16489.49,1095386.75,114506.16,29380.56,2076.47,0,5687.33,26844.23,684808.62,1060418.25,12374.8,106206.44,159895.27,159895.27,789793.94,131273.69,12460149,0,0,4146.76,759817.69,4574872.5,66082140,24973938,10416.06,407283.78,108152.27
4_PM-37_b1_t1,PM-37,20008.92,2198492.25,236861.5,8988.95,14809.64,122261.12,0,2386.43,22025.5,73000.13,401.32,98771.52,44751.04,60308.32,263486.34,209157.06,23866.31,50189.83,105565.38,808397.69,51512.01,5240386.5,2506134,1024079.31,117582.18,8370470,25062.82,0,46488.49,115087.03,12135.05,248564.55,345986.84,2671237.25,2671237.25,32587.88,619948,104285.85,106449.07,12986.04,7653.67,1049.39,163708.55,1998425.62,1998425.62,19985.25,927520.31,125404.23,37163.58,2578.03,1617.56,6329.8,555074.75,1596321.88,2729588.25,198107.86,65220.79,780245.06,780245.06,587137.62,303795.16,21004714,0,0,80712.46,415021.22,2002866.5,70613368,1141187,17121.67,258617.42,62475.23
10_PM-37_b2_t1,PM-37,30726.64,2788781.75,302017.28,10349.07,18590.44,123545.96,0,2709.24,29141.65,80835.88,0,126087.26,43211.9,60141.32,246184.75,221250,18666.21,61984.96,136712.2,654781.06,59383.08,5722908.5,1992316,1144984.88,102632.65,11792361,27259.08,0,31646.47,101886.05,13524.78,284199.28,300609.03,1705721,1705721,23367.9,393159.84,60362.1,66055.92,8899.01,8174.78,335.63,166179.66,2223357.25,2223357.25,22425.4,964568.19,107742.88,41201.43,2671.86,1880.33,7099.76,538739.62,2091700.38,3401322.75,257849.06,37485.64,714580.06,714580.06,582617.81,453715.53,27465882,0,0,110035.71,1005723.31,1848804.62,73485200,1509368.38,14709.36,230512.75,70634.04
16_PM-37_b3_t1,PM-37,21773.81,2253720.25,247035.05,8702.61,26368.5,110708.68,0,2128.65,21829.78,84369.32,981.55,114807.25,43526.07,54567.97,255009.92,206116.02,23331.68,52175.58,161060.12,797995.31,54592.09,5560502.5,2393484.75,908648.06,101405.27,9630325,23931.93,0,44181.23,85397.49,14225.02,188120.14,279496.03,2349327,2349327,25674.93,526936.75,84992.32,77099.81,10668.93,7816.48,791.17,177922.62,2269217,2269217,21858.48,1122051.88,126069.49,45049.45,2565.45,709.53,7503.82,527832.62,1844829.38,2741090.75,195481.89,43989.28,765672.5,765672.5,704874.5,527607.81,23460258,0,0,91083.62,966793.5,2230382.75,66705868,1348977.88,14907.84,246767.64,68620.4
22_PM-37_b1_t2,PM-37,22311.74,2258269,222497.14,8841.79,16168.33,106060.79,0,2431.2,20304.2,76084.85,607.89,99700.52,44301.21,64130.38,300107.88,226284.73,26500.91,57818.16,112647.46,785624.31,52503.56,5332338,2737450.25,1041334.94,115862.2,8249025.5,27403.63,743.47,41196.56,116677.66,12254.68,251230.77,338445.97,2534899.75,2534899.75,27977.21,597675.12,99212.81,87533.52,12401.96,8273.09,516.68,161903.64,2097479,2097479,19203.6,912872.06,124200.15,36172.54,2142.33,1820.86,7045.6,562837.56,1507730.38,2668296.25,195535.42,60043.73,822811.06,822811.06,697723.69,374110,22179314,0,0,71486.02,382772.16,2210915,70799048,1356109.12,16671.45,232365.25,62412.64
28_PM-37_b2_t2,PM-37,29674.73,2771100,301369.88,9652.47,20162.22,111498.37,0,1926.77,26593.92,72151.35,528.62,117385.78,41171.5,54905.22,226342.45,219601.5,20561.09,61618.2,140557.94,651446.19,58490.77,5234894.5,2586396.25,1205198.38,113375.81,11676063,28388.99,644.8,34142.72,101980.73,12666.43,287158.25,299921.75,1638476,1638476,19051.74,378086.75,61565.01,63509.19,10472.69,9070.21,800.78,160548.62,2241341.5,2241341.5,21601.77,974059,106056.73,42250.89,2862.19,777.6,7157.63,525418.75,2128142.25,3471194.75,237060.23,35360.75,722915,722915,832423.19,456720.5,28218832,0,0,125263.88,980480.31,2171753.25,73183000,1464267.5,16939.26,251041.95,58765.13
34_PM-37_b3_t2,PM-37,24704.7,2276960.25,263594.66,6964.09,24619.7,111887.26,0,2739.13,21991.2,84236.16,587.27,116606.94,43986.2,49733.45,214824.11,203092.94,25867.72,52678.14,177813.2,815848.81,47371.88,5309853.5,3022170.25,891849.06,130752.35,9491999,25570.49,0,45844.04,81767.66,17801.91,190698.8,267322.28,2503166.75,2503166.75,25437.73,576899.88,90365.26,93759.59,11388.21,8056.95,1027.68,174342.89,2396589,2396589,20347.33,1065071.38,129348.88,43115.55,2557.65,1477.57,8085.86,529788.5,1691196.62,2917642.75,199183.88,48883.02,813355.81,813355.81,859645.81,498102.75,21591000,0,0,91387.66,1028345.56,2258661.25,73915808,1154426.12,25524.05,271548.72,57131.92
5_KO-6_b1_t1,KO-6,3791288.25,1480766,49320.54,54033.98,6030.45,15951.61,365146.72,11853.48,23866.94,110169.48,27018.53,163726.95,51334.11,4679.38,36435.05,12903.34,26249.88,5357.79,4856.6,298554.97,56385.32,1502747.38,9490347,186517.62,256197.3,4560557.5,46630.18,619.43,17957.64,70175.45,22673.62,161637.36,362930.88,1704623.12,1704623.12,15855.75,1483559.62,164884.08,73592.34,5771.38,233618.05,34811.21,137962.61,1133991,1133991,6301.75,1120560.38,112632.24,21511.03,57430.61,0,2408.99,81256.5,463796.5,515166,11985.09,74039.48,229194.95,229194.95,568788.19,74311.66,4148866.75,14905.33,7940.8,188723.86,114289.6,3719410,84993112,50720076,3306.68,1574044,44376.33
11_KO-6_b2_t1,KO-6,4427592.5,1579532.5,46611.26,57788.45,5502.89,16783.52,348697.47,13182.02,22357.81,114024.05,29660.26,162516.86,60956.25,4429.18,37971.7,16187.84,38707.43,5290.63,4549.71,327044.97,54497.31,1349035,9765196,200614.94,232925.8,4635327.5,45040.7,599.97,17196.12,81055.56,27397.83,212847.48,366330.84,1877879.88,1877879.88,16265.8,1693173.38,188563.67,84169.91,6681.61,283074.47,33434.64,136454.5,1113464.38,1113464.38,7127.94,957524.56,112590.29,17264.61,62689.17,0,1536.2,71024.16,400386.12,510644.47,12846.82,74427.54,228660,228660,695476.56,76607.92,4521991.5,16566.74,7177.9,232093.75,96026.75,3704453.75,83275536,48595584,5554.03,1594073.88,50280.8
17_KO-6_b3_t1,KO-6,4062505,2759932,92456.43,84063.79,9216.31,17170.68,274535.59,12195.89,25028.8,95678.84,25149.79,243544.95,57782.04,3541.56,30352.14,13107.24,26063.27,5265.19,7232.36,183737.95,55489.32,1169841.12,8461515,340568.16,219296.8,6890800.5,146260.23,0,12618.8,54796.57,24345.99,244892,261734.88,1177696.62,1177696.62,8588.98,990062,117108.25,53295.92,5906.68,280420.12,31812.5,194028.86,1516330.62,1516330.62,8870.1,1228408.62,118642.04,23973.3,67407.95,0,1815.47,144944.98,774332.31,892276.25,15423.98,54537,190942.95,190942.95,754122.31,105776.48,8406588,19758.12,4702.09,340566.53,429631.62,3734229.25,80390656,53995036,1482.26,1424761,34267.58
23_KO-6_b1_t2,KO-6,3738033.75,1289437,46736.25,51248.51,5317.9,11552.45,328234.12,11743.23,24489.11,113073.25,27204.32,152313.39,49883.18,4797.81,32834.99,11672.42,31878.05,4541.22,3973.63,315250.84,52227.56,1463583.62,10874955,193426.25,286108.78,4386800,45998.35,0,16072.85,75424.39,21706.47,156550.69,346392.84,1619028.38,1619028.38,11974.84,1417549.38,158673.98,70854.73,5014.91,235895.19,34143.53,134030.7,1146673.62,1146673.62,5202.93,1098079.38,116695.62,17453.44,55058.05,0,1602.85,85886.17,456340.5,512020.38,10786.25,70088.31,250546.58,250546.58,771592.81,90567.68,4432191.5,18929.04,9390.64,194702.52,110693.24,3785659.25,73989704,47730996,5502.32,1635023.62,40488.16
29_KO-6_b2_t2,KO-6,4451496.5,1412118,44790.25,56806.46,6337.71,15812.4,370499.78,11260.29,21426.64,106636.94,28816.13,152059.36,58329.36,3554.13,39631.95,15776.56,40082.5,4622.86,4682.37,299875.12,51995.49,1324785.88,12392224,203198.55,329823.03,4521348.5,44872.5,0,18165.22,86800.45,25441.98,214296.55,351669.12,1949604.88,1949604.88,13347.57,1607060.12,205074,88743.16,8331.61,270351.59,33012.03,130420.97,1114889.5,1114889.5,6476.9,970782.69,105634.37,15882.63,55250.02,0,700.87,75846.45,415552.34,507284,12200.33,77335.87,229406.05,229406.05,849541.69,78584.44,4028405,19037.95,7994.76,215556.36,113539.77,3964773,84555808,45156460,8269.35,1610866.38,49381.04
35_KO-6_b3_t2,KO-6,4084929.25,2699047.75,91969.46,82310.82,8203.38,14141.1,264582.16,14325,25449.34,96938.43,31308.25,241329.25,58578.26,3396.61,30105.08,14917.13,28320.88,3562.45,8701.99,175512.11,55732.89,1084642.62,11123068,340099.16,289010.56,6833175.5,184279.58,0,10814.31,57938.11,24748.67,239187.33,258033.08,1255082.38,1255082.38,9860.86,1043897.69,141391.83,58934.86,5483.37,295647.69,28753.32,196698.58,1559957,1559957,8928.93,1287328.88,116649.48,27646.96,64591.41,0,2878.93,138752.42,761318,881669,18085.8,61024.22,228057.45,228057.45,780915.94,111841.91,8869339,21446.03,9959.4,407201.25,442926.09,3914637.75,78877624,52625556,4777.73,1530660.62,44280.46
6_KO-22_b1_t1,KO-22,107677.82,2705061.5,160375.75,7592.59,31277.23,10385.19,5574.94,1511.43,53336.8,28866.9,1190.51,94262.34,54306.27,6143.01,30278.55,12671.44,23426.18,6393.67,2923.44,231749.86,51887.97,1219366.38,13618764,214035.19,334372.12,1900138.12,32512.7,1639.56,20758.25,83039.88,28516.96,133516.12,334621.66,4113734.75,4113734.75,39946.56,1441591.38,188355.08,140975.67,29952.28,33434.29,1273.69,170344.36,1823665.38,1823665.38,16588.99,1181899.12,114446.72,44162.04,6717.73,0,9430.06,21003.96,667737.5,1763737.38,22055.32,92727.27,177100.94,177100.94,433924.91,117102.01,11699840,0,0,12196.48,257941.11,3483882.75,66281572,37498544,2222.8,514811.34,53184.15
12_KO-22_b2_t1,KO-22,101650.76,3265412.75,189463.73,7962.01,48677.93,9997.3,5052.1,1260.49,54465.5,29530.81,843.77,103952.09,56953.56,4962.06,28909.88,12652.8,22872.1,5886.04,3704.54,178256.89,56393.41,1285821.62,14055881,262893.22,367049.09,2419793,33784.72,1122.01,23003.96,68769.48,30011.37,180037.94,294438.25,3055326.75,3055326.75,32679.67,950982.69,125114.93,106056.31,21507.93,28489.46,925.36,165033.55,2098363.25,2098363.25,19021.63,1162520.62,118025.85,49077.53,4714.49,0,10663.39,23730.56,764668.81,2179336.25,24083.31,59521.61,177273.23,177273.23,608994,120494.38,14183233,0,0,12533.66,477304.5,3293270.25,67712904,37297668,3700.02,550402.88,58016.06
18_KO-22_b3_t1,KO-22,85686,2393673,131561.17,5340.36,40209.88,10497.94,4727.2,1680.65,46162.84,30749.01,493.34,62247.73,46740.52,5720.53,26860.05,11141.49,36161.7,5678.28,3084.96,231051.27,52282.56,1018894.06,15500568,204463.86,360703.16,1288275.62,39104.43,1394.8,21756.33,66658.18,37465.86,186912.42,290142.47,4310211.5,4310211.5,38097.53,1550983.62,190619.62,135151.28,33148.36,30514.84,984.94,176706.45,1580222.88,1580222.88,15392.18,936808.31,101288.04,38706.18,6337.41,0,10487.39,20488.09,542803.31,1377454.5,17504.17,89661.88,153369.08,153369.08,577393.56,124908.88,10254404,0,0,10107.07,200566.61,3109589.75,63685844,29635830,4421.03,553606.94,47752.77
24_KO-22_b1_t2,KO-22,105394.07,2601286.25,149356.33,7206.16,30293.44,10127.67,4483.07,2025.14,54940.27,35389.83,596.58,96012.59,59248.86,5730.7,29818.17,11030.68,20331.65,5542.78,2645.48,230770.11,46143.56,1174437.62,16803136,216848.08,418739.59,1933139.38,29792.9,841.41,22352.1,76393.73,28594.99,122598.66,309629.25,4090561.25,4090561.25,34018,1365459.88,179697.45,142232.19,27681.53,33930.64,493.27,174450.38,1741481.62,1741481.62,17049.83,1229500.88,121666.69,46238.44,5247.49,0,9805.93,21650.93,698239.81,1758842.12,20004.46,83889.77,190577.62,190577.62,682059.94,132478.77,14433688,0,0,9754.44,293695.47,3554191.75,65028596,38007284,3925.95,568468.75,62911.96
30_KO-22_b2_t2,KO-22,106892.5,3080872.75,186031.73,4976.23,45593.33,11664.67,5770.61,1313.13,54933.31,34710.78,1248.06,102107.24,62817.12,5022.51,27307.51,14171.52,26417.65,6380.37,3525.15,170269.39,54884.12,1275437.12,17637408,251467.06,445909.25,2330242,41406.64,0,23336.35,68337.6,30283.35,214174.92,260567.42,3948341.25,3948341.25,34763.66,1245425.62,165969.36,133981.98,25237.25,29886.97,695.55,184062.45,2191585.75,2191585.75,17665.15,1449774.62,134323.72,50223.39,5669.04,0,10209.58,22316.24,802077.19,2112330,24359.33,79412.87,190165.94,190165.94,686053,150258.27,14908540,0,0,8459.07,562806.81,3321916,67197016,33634780,5826.94,525379.06,63573.63
36_KO-22_b3_t2,KO-22,78125.08,2218330.25,130297.05,5661.95,39226.43,9593.75,4025.4,1884.58,44956.83,32620.04,831.02,66729.77,47862.47,6043.13,28856.8,11688.89,38072.14,5350.07,2586.05,224266.95,52607.62,1197599.88,19200822,193615.61,486813,1284708.12,41792.36,840.55,21390.74,66564.27,42302.94,187535.61,275898.47,4742227.5,4742227.5,44619.8,1606665.38,207435.64,150873.27,33027.58,29146.91,735.16,176073.95,1515743.12,1515743.12,17031.7,987187,105388.99,34717.07,5439.7,0,7593.03,16261.26,572835.31,1366999.38,15950.02,95783.76,206510.58,206510.58,708112.81,114355.55,11663177,0,0,11298.31,226305.36,3555127.25,60165540,31724904,7189.53,459798.25,50131.81
