id,rt,mz
pos_10017,3.198,617.15045
pos_10058,7.123,620.36646
pos_10106,9.799,625.26794
pos_10116,2.958,626.17407
pos_10121,3.511,626.3457
pos_10140,5.245,628.28052
pos_9950,5.245,611.25403
pos_10190,2.958,633.14502
pos_10208,5.328,634.36108
pos_10209,5.135,634.36127
pos_10222,9.753,637.30743
pos_10353,9.752,654.33411
pos_10227,4.878,638.39197
pos_9669,4.406,586.26947
pos_9507,4.406,569.2428
pos_10237,5.135,639.31647
pos_10273,4.425,643.34686
pos_8044,4.419,459.31067
pos_10322,2.956,649.11853
pos_10329,4,650.30237
pos_10332,4.285,650.35614
pos_693,0.554,138.05522
pos_253,0.563,116.07108
pos_9492,4.862,568.25922
pos_8899,4.86,515.21094
pos_10355,3.891,654.38739
pos_9848,3.873,602.26526
pos_10362,5.135,655.29047
pos_10365,4.285,655.31128
pos_10383,9.751,659.28912
pos_10435,9.752,668.34949
pos_10436,3.737,668.3667
pos_10447,3.727,670.38232
pos_10454,4.285,671.28522
pos_10478,3.727,675.33752
pos_10518,9.751,682.3653
pos_10582,6.742,694.40332
pos_10587,3.346,696.38281
pos_10611,6.744,699.35858
pos_1070,0.512,156.07712
pos_10738,5.962,728.3913
pos_8577,5.962,493.2565
pos_5579,3.948,339.10782
pos_10752,3.955,732.32843
pos_10774,3.955,737.28314
pos_10807,3.737,748.32281
pos_10824,3.737,753.27802
pos_10834,2.346,757.22089
pos_10881,2.168,773.21539
pos_10906,2.344,779.20251
pos_10919,3.788,783.41833
pos_10985,3.788,800.44531
pos_10925,5.206,784.44983
pos_10937,2.17,788.2265
pos_10947,5.206,789.40485
pos_10972,2.168,795.19714
pos_5717,4.14,344.14981
pos_10983,4.142,800.44513
pos_10984,3.953,800.44525
pos_11004,3.953,805.39978
pos_11005,4.14,805.40002
pos_11051,3.788,821.37506
pos_11006,3.788,805.40027
pos_11029,4.484,816.43988
pos_8850,4.494,511.26791
pos_11045,3.824,821.31934
pos_11047,3.669,821.32471
pos_1110,1.966,158.08156
pos_11120,2.899,855.33167
pos_8812,5.962,509.2309
pos_11288,5.962,963.52441
pos_11287,3.606,962.4978
pos_11296,3.606,967.45288
pos_8477,5.264,488.30118
pos_8227,5.264,471.27475
pos_9007,4.178,525.22601
pos_8817,4.178,509.25214
pos_11398,4.86,1154.50452
pos_9670,4.86,586.26965
pos_2660,1.821,227.07936
pos_2142,1.823,205.09741
pos_1207,2.177,163.03915
pos_6557,1.841,377.08484
pos_1208,1.841,163.03918
pos_5716,2.239,344.13437
pos_1209,2.235,163.03918
pos_1213,8.074,163.07559
pos_3507,5.169,261.11014
pos_2955,5.17,239.12808
pos_1217,7.824,163.07567
pos_6274,8.012,365.13669
pos_1218,8.013,163.07567
pos_1257,0.81,165.05498
pos_325,1.38,120.08121
pos_1284,1.38,166.08655
pos_1299,0.471,167.02193
pos_1337,0.418,169.04597
pos_1341,0.525,169.05861
pos_1397,2.257,171.09201
pos_2408,2.255,217.0975
pos_1476,5.036,173.11772
pos_1525,0.884,176.09206
pos_1541,2.696,177.05496
pos_6837,2.31,391.10056
pos_1543,2.31,177.05499
pos_1564,4.871,178.07811
pos_1623,2.015,181.08624
pos_6690,2.015,383.1319
pos_1640,0.81,182.08157
pos_6139,0.554,360.15048
pos_5200,0.554,325.11328
pos_1920,2.464,195.06552
pos_2445,3.499,219.09956
pos_1969,3.499,197.11763
pos_1970,3.223,197.11768
pos_1984,2.067,198.07652
pos_2077,1.032,202.10782
pos_2108,0.814,203.05292
pos_2109,1.045,203.05295
pos_2134,1.535,204.15985
pos_2147,1.895,205.12265
pos_2157,1.623,206.04521
pos_2226,2.81,209.15407
pos_7240,2.798,412.21945
pos_2280,3.489,211.16965
pos_2285,4,211.16978
pos_232,2.133,114.09187
pos_2336,3.36,214.08998
pos_2339,0.801,214.09013
pos_2341,12.191,214.09021
pos_2342,0.582,214.09044
pos_2344,1.942,214.10762
pos_2481,1.608,220.11844
pos_2489,5.314,220.13364
pos_2501,0.888,221.09242
pos_254,1.241,116.07108
pos_2554,1.895,223.13327
pos_256,0.81,116.07111
pos_2602,2.574,225.1489
pos_2720,0.936,229.15488
pos_2777,2.36,232.19119
pos_2848,5.499,235.16908
pos_2870,3.608,236.10405
pos_2930,2.848,238.10788
pos_3225,1.38,250.03897
pos_3260,1.387,251.13933
pos_3261,1.635,251.1395
pos_3434,0.53,258.11038
pos_3471,9.454,259.20609
pos_3505,0.81,261.0947
pos_3534,0.585,262.1286
pos_3602,0.418,265.01572
pos_3613,2.094,265.155
pos_3614,1.859,265.15512
pos_3617,6.652,265.15878
pos_3641,4.874,266.17288
pos_3678,1.162,268.1044
pos_369,0.92,123.05576
pos_3835,0.587,274.09204
pos_531,0.809,130.05025
pos_3836,0.808,274.09244
pos_3854,0.882,275.11041
pos_4387,0.866,294.15518
pos_4086,1.202,282.15512
pos_4214,1.202,287.11047
pos_3856,1.054,275.11053
pos_3867,6.21,275.20117
pos_3920,0.81,277.0686
pos_3934,5.901,277.18042
pos_3946,7.184,277.2168
pos_3935,7.197,277.18045
pos_3945,7.316,277.2168
pos_8950,7.318,520.34113
pos_398,2.708,124.07623
pos_40,0.505,104.10766
pos_4013,0.525,280.09241
pos_4016,0.805,280.13925
pos_4702,3.916,306.11066
pos_4133,3.916,284.12872
pos_4206,3.196,287.05469
pos_4215,1.421,287.11053
pos_4270,6.096,289.18039
pos_4300,1.057,291.08447
pos_4305,0.81,291.10544
pos_4310,5.753,291.19592
pos_4313,5.667,291.19604
pos_4803,5.671,309.2067
pos_4371,4.712,293.21155
pos_4372,7.487,293.21161
pos_4373,5.039,293.21164
pos_4374,7.555,293.21164
pos_4385,0.922,294.15509
pos_4421,2.128,295.12933
pos_4436,8.125,295.22714
pos_4440,7.933,295.22736
pos_4444,0.519,296.0661
pos_5539,7.029,337.10495
pos_933,7.029,149.06
pos_8696,5.262,502.31677
pos_4537,5.262,299.16425
pos_458,0.554,127.0393
pos_4585,3.986,301.11877
pos_5425,3.984,333.14511
pos_4621,2.958,303.04974
pos_4622,2.168,303.05008
pos_886,2.164,147.04425
pos_4686,0.816,305.12076
pos_4747,6.094,307.19101
pos_4794,0.542,309.12939
pos_4912,1.012,314.09225
pos_5945,4.035,352.09521
pos_4915,4.035,314.13922
pos_4991,7.228,317.20956
pos_5049,1.679,320.17093
pos_5132,8.047,322.27472
pos_5152,9.209,323.19653
pos_5185,8.621,324.29034
pos_5274,1.432,328.13956
pos_5393,1.741,332.13455
pos_5446,2.624,334.18729
pos_5589,2.625,339.14203
pos_5473,2.299,335.12415
pos_5478,3.358,335.16089
pos_5479,3.628,335.16122
pos_6267,0.548,365.10577
pos_5500,0.565,336.09601
pos_5502,4.035,336.12119
pos_5553,2.267,338.16156
pos_5581,3.689,339.10794
pos_5584,1.976,339.10803
pos_5586,2.543,339.10815
pos_5591,5.47,339.15759
pos_5598,7.222,339.19141
pos_5679,0.554,343.12399
pos_5687,8.071,343.15408
pos_5708,5.633,343.33969
pos_5719,8.186,344.1861
pos_5775,4.688,346.25952
pos_581,0.881,132.10223
pos_583,0.601,132.10226
pos_5833,4.986,348.27505
pos_584,0.828,132.10228
pos_6263,2.308,365.06412
pos_5846,2.308,349.08963
pos_5847,2.239,349.08972
pos_5929,4.866,351.21457
pos_7592,4.724,433.23828
pos_5930,4.712,351.21478
pos_5931,5.039,351.215
pos_5978,1.841,353.08673
pos_6516,1.841,375.06912
pos_6016,2.179,355.10275
pos_6018,1.841,355.10278
pos_6067,3.973,357.18903
pos_6138,2.179,360.12955
pos_6142,8.075,360.18109
pos_6229,1.451,364.16077
pos_6262,2.239,365.06412
pos_6273,8.073,365.13654
pos_6275,7.825,365.13678
pos_6278,3.244,365.17184
pos_6297,5.634,365.27811
pos_6299,4.14,366.13187
pos_6332,1.903,367.10059
pos_6333,2.128,367.13638
pos_6336,2.302,367.15076
pos_6343,3.737,367.2099
pos_6382,2.195,369.09482
pos_6385,1.449,369.11627
pos_6389,2.308,369.11862
pos_6390,2.702,369.11868
pos_6394,2.248,369.16629
pos_6395,2.118,369.1669
pos_7645,2.395,436.1825
pos_6494,2.389,374.14514
pos_6556,2.179,377.08478
pos_6558,2.233,377.08484
pos_6928,2.462,395.07455
pos_6599,2.462,379.1004
pos_662,1.162,136.06189
pos_664,0.584,136.06206
pos_6642,0.548,381.0798
pos_665,0.811,136.06209
pos_667,2.64,136.07603
pos_6691,1.099,383.14554
pos_670,0.982,137.04611
pos_6708,3.134,384.14496
pos_7185,2.574,409.18399
pos_6774,2.574,387.20193
pos_6814,3.91,389.17142
pos_6875,1.841,393.05872
pos_6917,4.407,394.22293
pos_7008,5.964,399.23227
pos_7188,3.196,409.18439
pos_7239,2.88,412.21906
pos_7286,2.669,415.13702
pos_7317,2.162,417.13715
pos_7323,5.964,417.24298
pos_7938,4.866,453.2637
pos_7324,4.862,417.24301
pos_7627,6.686,435.25378
pos_7328,6.686,417.24329
pos_7353,6.652,419.25867
pos_7354,6.129,419.25876
pos_8246,6.125,472.3067
pos_7356,6.471,419.25894
pos_7358,5.326,419.25903
pos_9518,5.326,570.27502
pos_7373,2.46,420.18707
pos_7375,2.389,420.18735
pos_7378,1.895,420.22357
pos_7380,2.266,420.22366
pos_7470,2.574,425.15778
pos_7474,1.895,425.17886
pos_7913,5.257,452.28012
pos_7624,5.257,435.25351
pos_7625,5.964,435.25372
pos_7628,4.872,435.25381
pos_7630,4.054,435.25397
pos_7631,5.344,435.25397
pos_7632,4.126,435.254
pos_7633,5.761,435.254
pos_7634,5.458,435.25403
pos_7636,6.394,435.25421
pos_7666,5.11,437.2692
pos_7667,6.123,437.26935
pos_7671,6.686,437.26956
pos_7673,6.776,437.26956
pos_7675,6.368,437.26968
pos_7677,6.222,437.26987
pos_7694,0.53,439.14294
pos_7702,3.891,439.28546
pos_7731,4.419,441.30042
pos_7742,2.654,442.22919
pos_7886,3.783,451.24866
pos_7887,6.295,451.24872
pos_7890,4.178,451.2489
pos_7892,5.705,451.24899
pos_7937,5.449,453.26358
pos_7940,4.048,453.26404
pos_7941,5.57,453.26419
pos_7944,6.686,453.26431
pos_8206,6.7,470.29141
pos_7945,4.983,453.26434
pos_9110,4.983,533.22156
pos_8581,4.751,493.25732
pos_7949,4.751,453.26465
pos_7972,6.686,454.2959
pos_7987,6.779,455.27975
pos_7988,6.973,455.28015
pos_8002,8.144,456.3118
pos_8037,3.818,459.22342
pos_8104,2.592,464.21387
pos_8119,3.091,465.10391
pos_8456,3.091,487.08588
pos_8181,4.178,469.25952
pos_8437,4.178,486.28604
pos_8184,4.724,469.25964
pos_8900,4.718,515.21112
pos_8185,3.781,469.25967
pos_8201,5.57,470.29108
pos_8228,4.279,471.27493
pos_8229,4.983,471.27524
pos_823,1.508,144.06572
pos_8570,6.668,493.23593
pos_8243,6.652,472.30664
pos_8244,6.779,472.30664
pos_8245,7.072,472.30667
pos_8249,6.52,472.30701
pos_825,1.057,144.06587
pos_826,2.255,144.08102
pos_8276,2.259,474.26065
pos_8266,3.727,473.29102
pos_8325,6.776,477.26163
pos_8326,6.666,477.26181
pos_8329,6.473,477.26205
pos_8330,6.973,477.26227
pos_8440,6.035,486.28613
pos_8441,4.722,486.28616
pos_8447,6.656,486.32202
pos_8448,6.122,486.3226
pos_8462,4.722,487.26785
pos_8480,4.851,488.30151
pos_8482,5.437,488.30157
pos_8580,5.447,493.25705
pos_8483,5.574,488.30161
pos_8484,5.775,488.3017
pos_8486,4.983,488.30185
pos_8758,4.496,506.31253
pos_8502,4.494,489.28555
pos_8515,2.92,490.19296
pos_8516,2.846,490.22949
pos_8537,5.221,491.24146
pos_8538,6.969,491.24149
pos_8552,4.35,492.17776
pos_8569,6.774,493.23563
pos_8571,6.828,493.23599
pos_8572,6.971,493.23602
pos_8575,4.888,493.25647
pos_8578,5.572,493.25674
pos_8579,5.775,493.25699
pos_8600,6.301,495.27521
pos_8613,7.648,496.341
pos_8624,4.86,497.2001
pos_8628,7.559,497.29099
pos_864,0.418,146.02997
pos_866,2.074,146.0603
pos_867,3.563,146.06047
pos_869,1.086,146.08148
pos_8697,5.773,502.31689
pos_8699,5.57,502.31714
pos_8719,5.215,504.29633
pos_8720,4.192,504.29642
pos_8722,4.915,504.29672
pos_8723,5.708,504.29675
pos_8724,4.542,504.29678
pos_873,0.57,146.09264
pos_874,1.793,146.11809
pos_8777,4.35,507.2366
pos_8808,4.759,509.22769
pos_8813,5.574,509.23102
pos_8814,5.775,509.23108
pos_8818,5.21,509.25244
pos_8819,4.544,509.2525
pos_8821,4.451,509.25305
pos_8822,4.718,509.25333
pos_8824,5.706,509.25458
pos_8873,6.361,513.28613
pos_8875,6.303,513.28619
pos_8910,5.964,516.33276
pos_8911,5.264,516.33289
pos_8918,5.328,517.22668
pos_8920,4.762,517.22693
pos_8927,6.842,518.32556
pos_8931,3.128,519.19873
pos_8936,7.216,519.27289
pos_894,0.458,147.11295
pos_8958,5.687,521.25836
pos_9010,4.72,525.22614
pos_9038,4.494,527.24207
pos_9138,6.303,535.26788
pos_9069,6.301,530.31262
pos_9070,6.363,530.31274
pos_9077,3.733,531.20599
pos_9090,11.488,531.40936
pos_9099,7.437,532.34961
pos_9106,4.86,533.21924
pos_9109,4.054,533.2215
pos_9135,4.612,535.23737
pos_9136,4.554,535.23743
pos_9140,10.587,535.271
pos_9141,3.104,535.27618
pos_9167,7.437,537.30493
pos_9305,4.05,551.23151
pos_9496,4.048,568.25977
pos_9727,4.716,591.22534
pos_9306,4.718,551.23187
pos_9308,6.123,551.23206
pos_9494,4.983,568.2594
pos_9309,4.983,551.23212
pos_9313,5.124,551.26843
pos_9325,4.554,552.26361
pos_9338,4.648,553.24786
pos_9339,4.762,553.24817
pos_9369,5.642,556.29572
pos_9425,5.264,561.24457
pos_9481,3.781,567.22754
pos_9641,3.781,584.25415
pos_9647,4.653,584.25476
pos_9484,4.655,567.22821
pos_9493,6.123,568.25934
pos_9509,3.539,569.24347
pos_9516,5.793,570.27496
pos_9517,5.202,570.27502
pos_9519,4.648,570.27582
pos_9546,3.132,573.20697
pos_9553,2.53,574.27246
pos_9554,2.586,574.27252
pos_9568,5.326,575.23059
pos_961,0.423,151.03542
pos_9626,2.213,582.24084
pos_9627,2.267,582.24084
pos_9646,5.072,584.25458
pos_9662,3.735,585.237
pos_9671,4.718,586.26996
pos_9672,4.983,586.26996
pos_9673,4.327,586.2702
pos_9698,4.762,588.28595
pos_9699,4.821,588.34027
pos_9725,4.86,591.22504
pos_9728,4.983,591.22546
pos_9977,4.985,613.20752
pos_9738,3.703,592.29572
pos_9998,10.135,615.26013
pos_9749,10.133,593.2771
pos_9765,3.196,595.1673
pos_9843,4.201,602.26495
pos_9845,3.733,602.26508
pos_9849,4.655,602.26526
pos_9874,4.542,604.28082
pos_9914,3.61,608.29089
pos_9915,3.673,608.29095
pos_9926,9.928,609.27289
pos_9927,9.725,609.27301
pos_9946,2.958,611.16327
pos_9975,4.872,613.20746
pos_8756,4.406,506.31226
pos_8501,4.406,489.28485
pos_1035,0.519,155.04291
pos_1537,0.512,177.0249
pos_10354,4.849,654.38727
pos_6162,4.86,361.11029
pos_11150,4.86,870.38678
pos_8199,5.964,470.29102
pos_8698,5.964,502.31689
pos_3052,1.827,243.05338
pos_6407,1.841,370.1138
pos_3923,5.167,277.08411
pos_5689,8.01,343.15454
pos_1783,1.38,188.06848
pos_6993,2.015,399.10568
pos_1723,0.502,185.03262
pos_6816,2.81,389.21771
pos_7227,2.81,411.19974
pos_969,1.166,151.07565
pos_3855,1.182,275.11047
pos_5599,7.3,339.19168
pos_7943,7.033,453.26422
pos_8295,7.035,475.24628
pos_8328,6.125,477.26205
pos_9674,4.076,586.27045
