Compound,rt,mz,Formula,add
Glutamyl-phenylalanine,2.13,295.128,C14H18N2O5,[M+H]+
"(Z)-3-[4-methoxy-2-[(2S,3R,4S,5S,6R)-3,4,5-trihydroxy-6-(hydroxymethyl)oxan-2-yl]oxyphenyl]prop-2-enoic acid",2.38,374.145,C16H20O9,[M+H+NH3]+
1 family hit,4.71,293.212,C18H32O5,[M+H-2H2O]+
1 family hit,4.72,346.259,C18H32O5,[M+H+NH3]+
1 family hit,5.04,351.215,C18H32O5,[M+Na]+
1 genus hits,6.36,513.286,C30H40O7,[M+H]+
1 genus hits,6.36,530.313,C30H40O7,[M+H+NH3]+
1 genus hit,5.09,634.359,C34H48O10,[M+H+NH3]+
1 genus hit,5.13,639.316,C34H48O10,[M+Na]+
1 species hit,8.14,456.312,C28H38O4,[M+H+NH3]+
1 species hit (27-deoxy),4.86,654.385,C34H52O11,[M+H+NH3]+
1 species hit (27-deoxy),3.61,962.496,C46H72O20,[M+H+NH3]+
"1 species hit (27-deoxy-4-hydroxy, 5,6-epoxy)",7.03,453.264,C28H36O5,[M+H]+
"1 species hit (27-deoxy-4-hydroxy, 5,6-epoxy)",7.03,470.291,C28H36O5,[M+H+NH3]+
"1 species hit (27-deoxy-4-hydroxy, 5,6-epoxy)",7.03,475.246,C28H36O5,[M+Na]+
"1 species hit (27-deoxy-4-hydroxy, 5,6-epoxy)",7.03,491.22,C28H36O5,[M+K]+
"1 species hit (27-deoxy-5-hydroxy-5,6-epoxy)",4.87,435.254,C28H40O10S,[M+H+NH3-H2SO4-2H2O]+
"1 species hit (27-deoxy-5-hydroxy-5,6-epoxy)",4.86,453.264,C28H40O10S,[M+H+NH3-H2SO4-H2O]+
"1 species hit (27-deoxy-5-hydroxy-5,6-epoxy)",4.87,497.199,C28H40O10S,[M+H-4H2O]+
"1 species hit (27-deoxy-5-hydroxy-5,6-epoxy)",4.87,515.21,C28H40O10S,[M+H-3H2O]+
"1 species hit (27-deoxy-5-hydroxy-5,6-epoxy)",4.86,551.232,C28H40O10S,[M+H-H2O]+
"1 species hit (27-deoxy-5-hydroxy-5,6-epoxy)",4.86,586.268,C28H40O10S,[M+H+NH3]+
"1 species hit (27-deoxy-5-hydroxy-5,6-epoxy)",4.72,586.27,C28H40O10S,[M+H+NH3]+
"1 species hit (27-deoxy-5-hydroxy-5,6-epoxy)",4.72,591.226,C28H40O10S,[M+Na]+
"1 species hit (27-deoxy-5-hydroxy-5,6-epoxy)",4.86,1154.502,C28H40O10S,[2M+H+NH3]+
1 species hit (27-hydroxy),3.89,439.285,C28H40O5,[M+H-H2O]+
1 species hit (27-hydroxy),3.77,783.416,C40H62O15,[M+H]+
1 species hit (27-hydroxy),3.78,800.445,C40H62O15,[M+H+NH3]+
1 species hit (27-hydroxy),3.78,805.398,C40H62O15,[M+Na]+
1 species hits,4.88,638.392,C34H52O10,[M+H+NH3]+
"1 species hits (27-hydroxy-5-hydroxy-6,7-epoxy)",4.72,487.268,C28H38O7,[M+H]+
"1 species hits (27-hydroxy-5-hydroxy-6,7-epoxy)",5.71,504.297,C28H38O7,[M+H+NH3]+
"1 species hits (27-hydroxy-5-hydroxy-6,7-epoxy)",4.72,509.254,C28H38O7,[M+Na]+
"1,11,12-Trihydroxy-4-eudesmen-3-one; 11,12-Isopropylidene |phytoprostane A ",5.67,291.196,C18H28O4,[M+H-H2O]+
"1,11,12-Trihydroxy-4-eudesmen-3-one; 11,12-Isopropylidene |phytoprostane A ",5.67,309.206,C18H28O4,[M+H]+
1-Linoleoyl-sn-glycero-3-phosphorylcholine,7.32,520.341,C26H50NO7P,[M+H]+
1-O-feruloyl-beta-D-glucose,2.41,177.055,C16H20O9,[M+H-C6H10O5-H2O]+
1-O-feruloyl-beta-D-glucose,2.46,195.065,C16H20O9,[M+H-C6H10O5]+
1-O-feruloyl-beta-D-glucose,2.48,379.1,C16H20O9,[M+Na]+
1-Palmitoyl-sn-glycero-3-phosphocholine,7.64,496.34,C24H50NO7P,[M+H]+
2 family hits,2.81,191.143,C19H32O8,[M+H-C6H12O6-H2O]+
2 family hits,2.81,209.154,C19H32O8,[M+H-C6H12O6]+
2 family hits,2.81,389.218,C19H32O8,[M+H]+
2 species hits (27-deoxy),4.72,469.26,C28H36O6,[M+H]+
2 species hits (27-deoxy),6.08,486.286,C28H36O6,[M+H]+
"2 species hits (27-deoxy-4-hydroxy-5,6-epoxy)",5.57,453.264,C28H38O6,[M+H-H2O]+
"2 species hits (27-deoxy-4-hydroxy-5,6-epoxy)",5.57,488.302,C28H38O6,[M+H+NH3]+
"2 species hits (27-deoxy-4-hydroxy-5,6-epoxy)",5.57,493.256,C28H38O6,[M+Na]+
"2 species hits (27-deoxy-4-hydroxy-5,6-epoxy)",5.57,509.231,C28H38O6,[M+K]+
"2 species hits (27-deoxy-5-hydroxy-6,7-epoxy)",5.77,488.302,C28H38O6,[M+H+NH3]+
"2 species hits (27-deoxy-5-hydroxy-6,7-epoxy)",5.77,493.257,C28H38O6,[M+Na]+
"2 species hits (27-deoxy-5-hydroxy-6,7-epoxy)",5.77,509.231,C28H38O6,[M+K]+
2-(Cyclohexylamino)benzoic acid,5.31,220.134,C13H17NO2,[M+H]+
"2,3-dihydro-3beta-O-sulfate withaferin A (27-hydroxy-4-hydroxy-5,6-epoxy)",4.4,569.241,C28H40O10S,[M+H]+
"2,3-dihydro-3beta-O-sulfate withaferin A (27-hydroxy-4-hydroxy-5,6-epoxy)",4.4,586.268,C28H40O10S,[M+H+NH3]+
"2,3-dihydro-3beta-O-sulfate withaferin A (27-hydroxy-4-hydroxy-5,6-epoxy)",4.4,591.223,C28H40O10S,[M+Na]+
"2,3-dihydro-3beta-O-sulfate withaferin A (27-hydroxy-4-hydroxy-5,6-epoxy)",4.4,1154.502,C28H40O10S,[2M+H+NH3]+
"2-[4-(2-hydroxyethyl)-2,6-dimethoxyphenoxy]-6-(hydroxymethyl)oxane-3,4,5-triol",2.01,383.132,C16H24O0,[M+Na]+
"2-[4-(2-hydroxyethyl)-2,6-dimethoxyphenoxy]-6-(hydroxymethyl)oxane-3,4,5-triol",2.01,399.106,C16H24O0,[M+K]+
2-Aminoheptanedioic acid,1.96,158.082,C7H13NO4,[M+H-H2O]+
2-hydroxyquinoline,3.56,146.06,C9H7NO,[M+H]+
3 family hits,2.21,344.134,C15H18O8,[M+H+NH3]+
3 family hits,2.24,349.089,C15H18O8,[M+Na]+
3 family hits,2.24,365.064,C15H18O8,[M+K]+
3 species hits (27-hydroxy),4.93,471.275,C28H40O7,[M+H-H2O]+
3 species hits (27-hydroxy),4.41,489.285,C28H40O7,[M+H]+
3 species hits (27-hydroxy),4.49,489.285,C28H40O7,[M+H]+
3 species hits (27-hydroxy),4.49,506.312,C28H40O7,[M+H+NH3]+
3 species hits (27-hydroxy),4.93,511.268,C28H40O7,[M+Na]+
3 species hits (27-hydroxy),4.49,511.268,C28H40O7,[M+Na]+
3 species hits (27-hydroxy),4.49,527.242,C28H40O7,[M+K]+
3-feruloylquinic acid,2.7,177.055,C17H20O9,[M+H-C7H12O6]+
3-feruloylquinic acid isomer,2.29,177.055,C17H20O9,[M+H-C7H12O6]+
3-feruloylquinic acid isomer,2.3,369.118,C17H20O9,[M+H]+
3-feruloylquinic acid isomer,2.3,391.1,C17H20O9,[M+Na]+
4 family hits,2.34,757.219,C33H40O20,[M+H]+
4 family hits,2.34,779.201,C33H40O20,[M+Na]+
4 species hits (27-deoxy),4.75,453.265,C28H36O5,[M+H]+
4 species hits (27-deoxy),4.75,493.257,C28H36O5,[M+Na+H2O]+
4-caffeoylquinic acid,1.84,163.039,C16H18O9,[M+H-C7H12O6]+
4-caffeoylquinic acid,1.84,353.087,C16H18O9,[M+H-H2app]+
4-caffeoylquinic acid,1.84,355.103,C16H18O9,[M+H]+
4-caffeoylquinic acid,1.84,370.114,C16H18O9,[M+H+NH3]+
4-caffeoylquinic acid,1.84,377.085,C16H18O9,[M+Na]+
4-caffeoylquinic acid,1.84,393.059,C16H18O9,[M+K]+
5 species hits (27-deoxy),4.18,469.26,C28H38O7,[M+H-H2O]+
5 species hits (27-deoxy),4.18,509.252,C28H38O7,[M+Na]+
5 species hits (27-deoxy),4.45,509.253,C28H38O7,[M+Na]+
5 species hits (27-deoxy),4.15,525.225,C28H38O7,[M+K]+
5'-Deoxy-5'-(methylsulfinyl)adenosine,1.02,314.09,C11H15N5O4S,[M+H]+
5-hydroxy-L-tryptophan,0.89,221.092,C11H12N2O3,[M+H]+
6-Aminocaproic acid,2.13,114.091,C6H13NO2,[M+H]+|M+H-H2O]+
6-hydroxykynurenic acid,1.62,206.045,C10H7NO4,[M+H]+
7 species hits (27-deoxy),6.65,419.259,C28H38O5,[M+H-2H2O]+
7 species hits (27-deoxy),6.68,435.254,C28H38O5,[M+H-H2app-H2O]+
7 species hits (27-deoxy),6.12,437.269,C28H38O5,[M+H-H2O]+
7 species hits (27-deoxy),6.69,437.269,C28H38O5,[M+H-H2O]+
7 species hits (27-deoxy),6.97,455.279,C28H38O5,[M+H]+
7 species hits (27-deoxy),6.78,455.28,C28H38O5,[M+H]+
7 species hits (27-deoxy),6.78,472.307,C28H38O5,[M+H+NH3]+
7 species hits (27-deoxy),6.13,472.307,C28H38O5,[M+H+NH3]+
7 species hits (27-deoxy),6.65,472.307,C28H38O5,[M+H+NH3]+
7 species hits (27-deoxy),6.97,472.307,C28H38O5,[M+H+NH3]+
7 species hits (27-deoxy),6.68,475.246,C28H38O5,[M+Na-H2app]+
7 species hits (27-deoxy),6.67,477.262,C28H38O5,[M+Na]+
7 species hits (27-deoxy),6.97,493.236,C28H38O5,[M+K]+
8-Hydroxyquinoline,1.82,146.06,C9H7NO,[M+H]+
9-OxoOTrE,6.21,275.201,C18H28O3,[M+H-H2O]+
Adenine,0.81,136.062,C5H5N5,[M+H]+
Adenosine or isomers,1.16,268.104,C10H13N5O4,[M+H]+
Alpha-Linolenoyl ethanolamide (alpha-LEA),8.03,322.275,C20H35NO2,[M+H]+
Aucubin,1.45,369.116,C15H22O9,[M+Na]+
Benzyl 2-O-beta-D-glucopyranosyl-6-O-beta-D-xylopyranosyl-beta-D-glucopyranoside,2.26,582.241,C24H36O15,[M+H+NH3]+
Benzyl 2-O-beta-D-glucopyranosyl-6-O-beta-D-xylopyranosyl-beta-D-glucopyranoside,2.21,582.241,C24H36O15,[M+H+NH3]+
Calystegine B1,0.88,176.092,C7H13NO4,[M+H]+
CHEBI:181299,2.22,406.171,C17H24O10,[M+H+NH3]+
Chromomoric acid C,5.75,291.196,C18H26O3,[M+H]+
Citroside B,2.55,207.138,C19H30O8,[M+H-C6H12O6]+
Citroside B,2.57,409.184,C19H30O8,[M+Na]+
Citroside B,2.57,425.158,C19H30O8,[M+K]+
Cryptochlorogenic acid,2.19,163.039,C16H18O9,[M+H-C7H12O6]+
Cryptochlorogenic acid,2.23,355.102,C16H18O9,[M+H]+
Cryptochlorogenic acid,2.18,377.085,C16H18O9,[M+Na]+
cyclomethyltryptophan,2.25,144.08,C12H12N2O2,[M+H-C2H3NO2]+
cyclomethyltryptophan,2.25,217.097,C12H12N2O2,[M+H]+
Di-dihydrocaffeoyl spermidine ,2.26,474.26,C25H35N3O6,[M+H]+
dihydroactinidiolide,5.42,181.123,C11H16O2,[M+H]+
Feruloylputrescine,2.02,265.155,C14H20N2O3,[M+H]+
Feruloylputrescine,1.86,265.155,C14H20N2O3,[M+H]+
Gerberinside|4-Methylumbelliferyl glucoside,2.02,339.108,C16H18O8,[M+H]+
Histidinyl-Proline (His-Pro),1.06,144.065,C11H16N4O3,[M+H-C5H7N3]+
Histidinyl-Proline (His-Pro),1.05,275.11,C11H16N4O3,[M+Na]+
hydrastine,3.13,384.145,C21H21NO6,[M+H]+
Icariside F2,2.39,420.187,C18H26O10,[M+H+NH3]+
kaempferol-3-O-rutinoside,3.2,595.166,C27H30O15,[M+H]+
kaempferol-3-O-rutinoside,3.19,617.148,C27H30O15,[M+Na]+
Leucine|isoleucine,0.83,132.102,C6H13NO2,[M+H]+
Leucine|isoleucine,0.88,132.102,C6H13NO2,[M+H]+
loliolide,3.49,135.117,C11H16O3,[M+H-CO2]+
loliolide,3.49,179.107,C11H16O3,[M+H-H2O]+
loliolide,3.5,197.117,C11H16O3,[M+H]+
loliolide,3.49,214.144,C11H16O3,[M+H+NH3]+
loliolide,3.51,219.099,C11H16O3,[M+Na]+
loliolide,3.5,235.074,C11H16O3,[M+K]+
L-tryptophan,1.82,159.092,C17H22N2O7,[M+H-COOH]+
L-tryptophan,1.87,188.07,C17H22N2O7,[M+H-NH3]+
L-tryptophan,1.86,205.11,C17H22N2O7,[M+H]+
L-tryptophan,1.83,227.079,C17H22N2O7,[M+Na]+
L-tryptophan,1.83,243.053,C17H22N2O7,[M+K]+
L-tryptophan,1.82,249.061,C17H22N2O7,[M+Na+(Na-H)]+
L-tryptophan,1.83,409.187,C17H22N2O7,[2M+H]+
Lysophosphatidylcholine(18:3),6.84,518.325,C26H48NO7P,[M+H]+
Methyl L-pyroglutamate,1.51,144.066,C6H9NO3,[M+H]+
N-(1-Deoxy-1-fructosyl)phenylalanine,1.38,103.054,C15H21NO7,[M+H-C6H10O5-HCOOH-NH3]+
N-(1-Deoxy-1-fructosyl)phenylalanine,1.38,120.081,C15H21NO7,[M+H-C6H10O5-HCOOH]+
N-(1-Deoxy-1-fructosyl)phenylalanine,1.43,166.086,C15H21NO7,[M+H-C6H10O5]+
N-(1-Deoxy-1-fructosyl)phenylalanine,1.45,167.071,C15H21NO7,[M+H+NH3-H2O-C6H10O5]+
N-(1-Deoxy-1-fructosyl)phenylalanine,1.38,188.068,C15H21NO7,[M+Na-C6H10O5]+
N-(1-Deoxy-1-fructosyl)phenylalanine,1.43,328.139,C15H21NO7,[M+H]+
N-a-Acetyl-L-arginine,0.81,261.095,C8H16N4O3,[M+Na+(Na-H)]+
N-Caffeoylputrescine,1.38,251.139,C13H18N2O3,[M+H]+
N-Caffeoylputrescine,1.63,251.139,C13H18N2O3,[M+H]+
N-feruloyltyramine,4.04,314.139,C18H19NO4,[M+H]+
N-feruloyltyramine,4.03,336.121,C18H19NO4,[M+Na]+
N-feruloyltyramine,4.04,352.095,C18H19NO4,[M+K]+
N-Fructosyl isoleucine or isomer,0.86,294.155,C12H23NO7,[M+H]+
Niacinamide,0.97,123.055,C6H6N2O,[M+H]+
N-p-cumaroyltyramin,3.91,284.129,C17H17NO3,[M+H]+
N-p-cumaroyltyramin,3.91,306.11,C17H17NO3,[M+Na]+
N-trans-feruloyl-4'-O-methyldopamine,4.14,344.15,C19H21NO5,[M+H]+
octopamide,2.64,136.076,C8H11NO2,[M+H]+|M+H-H2O]+
O-Demethylfonsecin,0.81,277.069,C14H12O6,[M+H]+
Pantothenic acid,1.62,220.118,C9H17NO5,[M+H]+
p-coumaraldehyde (Q27103652)|Phenylacrylic acid,7.02,149.06,C9H8O2,[M+H]+
Phenethyl sophoroside,2.59,464.214,C20H30O11,[M+H+NH3]+
Physagulin D (27-hydroxy),4.42,459.311,C28H42O5,[M+H-(C6H12O6-H2O)]+
Physagulin D (27-hydroxy),4.41,621.363,C34H52O10,[M+H]+
Physagulin D (27-hydroxy),4.42,638.392,C34H52O10,[M+H+NH3]+
phytuberin,5.9,277.18,C17H26O4,[M+H-H2O]+
Proline,1.24,116.071,C5H9NO2,[M+H]+
Pyroglutamic acid,0.81,130.05,C5H7NO3,[M+H]+
Quercetin 3-O-rutinoside-7-O-glucoside,2.16,303.05,C33H40O21,[M+H-(C6H10O5+C12H20O9)]+
Quercetin 3-O-rutinoside-7-O-glucoside,2.17,773.213,C33H40O21,[M+H]+
Quercetin 3-O-rutinoside-7-O-glucoside,2.16,795.195,C33H40O21,[M+Na]+
rutin,2.95,303.05,C27H30O16,[M+H-(C12H22O10-H2O)]+
rutin,2.95,465.104,C27H30O16,[M+H-(C6H12O6-H2O)]+
rutin,2.96,611.161,C27H30O16,[M+H]+
rutin,2.95,633.143,C27H30O16,[M+Na]+
"sitoindoside IX (27-hydroxy-4-hydroxy-5,6-epoxy)",4.28,471.275,C34H48O11,[M+H-(C6H12O6-H2O)]+
"sitoindoside IX (27-hydroxy-4-hydroxy-5,6-epoxy)",4.29,650.353,C34H48O11,[M+H+NH3]+
"sitoindoside IX (27-hydroxy-4-hydroxy-5,6-epoxy)",4.29,655.309,C34H48O11,[M+Na]+
"sitoindoside IX (27-hydroxy-4-hydroxy-5,6-epoxy)",4.28,671.285,C34H48O11,[M+K]+
Tyrosine,0.81,165.055,C9H11NO3,[M+H-NH3]+
Tyrosine,0.81,182.081,C9H11NO3,[M+H]+
unspecified glycosylmonoacylglycerols,6.74,694.403,C33H56O14,[M+H+NH3]+
unspecified glycosylmonoacylglycerols,6.74,699.358,C33H56O14,[M+Na]+
Unspecified withanolide (27-deoxy),4.05,453.264,C28H40O10S,[M+H-H2O-H2SO4]+
Unspecified withanolide (27-deoxy),4.05,551.232,C28H40O10S,[M+H-H2O]+
"Unspecified withanolide (27-deoxy-4-hydroxy-5,6-epoxy)",4.98,453.264,C28H40O10S,[M+H-H2O-H2SO4]+
"Unspecified withanolide (27-deoxy-4-hydroxy-5,6-epoxy)",4.98,551.232,C28H40O10S,[M+H-H2O]+
"Unspecified withanolide (27-deoxy-4-hydroxy-5,6-epoxy)",4.98,568.259,C28H40O10S,[M+H+NH3-H2O]+
"unspecified withanolide (4-hydroxy-5,6-epoxy)",4.76,588.286,C31H38O10,[M+H+NH3]+
unspecified withanolide sulfate,5.33,419.259,C28H40O9S,[M+H-H2SO4]+
unspecified withanolide sulfate,5.33,517.227,C28H40O9S,[M+H-2H2O]+
unspecified withanolide sulfate,5.32,570.274,C28H40O9S,[M+H+NH3]+
unspecified withanolide sulfate (27-hydroxy),3.74,748.323,C34H50O15S,[M+H+NH3]+
unspecified withanolide sulfate (27-hydroxy),3.74,753.278,C34H50O15S,[M+Na]+
unspecified withanoside sulfate (27-hydroxy),3.95,732.327,C34H50O14S,[M+H+NH3]+
withaferin A,5.28,471.274,C28H38O6,[M+H]+
withaferin A,5.28,488.301,C28H38O6,[M+H+NH3]+
withaferin A,5.28,493.256,C28H38O6,[M+Na]+
withaferin A,5.26,502.317,C28H38O6,[M+H+NH3+CH3OH-H2O]+
withaferin A,5.26,509.23,C28H38O6,[M+K]+
"Withalongolide G (4-hydroxy, 5,6-epoxy)",3.78,469.26,C28H40O11S,[M+H-H2SO4-H2O]+
"Withalongolide G (4-hydroxy, 5,6-epoxy)",3.76,567.226,C28H40O11S,[M+H-H2O]+
"Withalongolide G (4-hydroxy, 5,6-epoxy)",3.78,585.236,C28H40O11S,[M+H]+
withanone,5.97,399.232,C28H38O6,[M+H-4H2O]+
withanone,5.96,453.264,C28H38O6,[M+H-H2O]+
withanone,5.96,470.29,C28H38O6,[M+H+NH3-H2O]+
withanone,5.96,488.301,C28H38O6,[M+H+NH3]+
withanone,5.96,493.257,C28H38O6,[M+Na]+
withanone,5.97,502.317,C28H38O6,[M+H+NH3+CH3OH-H2O]+
withanone,5.96,509.231,C28H38O6,[M+K]+
withanone,5.96,516.333,C28H38O6,[M+H+NH3+2(CH3OH-H2O)]+
withanone,5.96,963.524,C28H38O6,[2M+Na]+
Withanoside III,3.73,473.291,C34H52O12,[M+H-H2O-(C6H12O6-H2O)]+
Withanoside III,3.75,670.38,C34H52O12,[M+H+NH3]+
Withanoside III,3.73,675.337,C34H52O12,[M+Na]+
withanoside IV,4.15,800.443,C40H62O15,[M+H+NH3]+
withanoside IV,4.15,805.398,C40H62O15,[M+Na]+
withanoside IV,4.14,821.376,C40H62O15,[M+K]+
withanoside V,5.2,784.45,C40H62O14,[M+H+NH3]+
Withasomniferolide B,6.47,419.259,C28H36O4,[M+H-H2O]+
Wulignan A1,8.01,343.154,C20H22O5,[M+H]+
Wulignan A1,8.01,365.137,C20H22O5,[M+Na]+
