"feature_name","mz","rt","metabolite_annotation","adducts_anno","neutral_loss_annotation","ISF_anno","iso_anno","group","cor_group","check_group","user_anno"
"FT3259",102.0469,82.5,"","",NA,"","",NA,"corgroup73","",""
"FT2148",102.0557,48,"","",NA,"","",NA,"corgroup169","",""
"FT3275",103.0543,83.6,"","",NA,"","",NA,"corgroup73","",""
"FT4521",103.0544,127.8,"","",NA,"","",NA,"corgroup210","",""
"FT1258",104.0714,33.3,"","",NA,"","",NA,"corgroup129","",""
"FT0793",104.1077,30,"","",NA,"","[1][M]+","group5","corgroup134","+",""
"FT11696",105.0342,308.9,"","",NA,"","",NA,"corgroup61","",""
"FT9001",105.0342,237.6,"","",NA,"","",NA,"corgroup76","",""
"FT0796",105.111,31.1,"","",NA,"","[1][M+1]+","group5","corgroup129","+",""
"FT0700",108.9502,27.8,"","",NA,"","",NA,"corgroup134","",""
"FT1263",115.0378,30.1,"","",NA,"","",NA,"corgroup134","",""
"FT3919",115.0521,107.6,"","",NA,"","",NA,"corgroup192","",""
"FT0905",116.0347,31.4,"","",NA,"","",NA,"corgroup241","",""
"FT0225",117.9909,25.2,"","",NA,"","",NA,"corgroup144","",""
"FT3920",118.0659,108.7,"","",NA,"","",NA,"corgroup192","",""
"FT2214",119.0495,49.5,"","",NA,"","",NA,"corgroup169","",""
"FT3296",119.0719,84.4,"","",NA,"","",NA,"corgroup73","",""
"FT4504",120.0813,128.2,"","",NA,"","",NA,"corgroup210","",""
"FT3276",120.0813,85.3,"","",NA,"","",NA,"corgroup179","",""
"FT0705",122.925,29.1,"","",NA,"","",NA,"corgroup134","",""
"FT2215",123.0432,50.1,"","",NA,"","",NA,"corgroup169","",""
"FT2651",123.0558,57.4,"","",NA,"","",NA,"corgroup201","",""
"FT0105",124.0239,25.4,"","",NA,"","",NA,"corgroup144","",""
"FT2216",124.0399,48.9,"","",NA,"","",NA,"corgroup169","",""
"FT5900",124.0764,162.3,"","",NA,"","",NA,"corgroup184","",""
"FT0651",124.923,28.3,"","",NA,"","",NA,"corgroup270","",""
"FT6091",126.0919,167.6,"","",NA,"","",NA,"corgroup274","",""
"FT0176",130.0173,23,"","",NA,"","",NA,"corgroup144","",""
"FT1355",130.0504,34.2,"","",NA,"","",NA,"corgroup129","",""
"FT2289",130.0504,48.5,"","",NA,"","",NA,"corgroup169","",""
"FT1502",130.0867,35.3,"","",NA,"","",NA,"corgroup129","",""
"FT3278",131.0507,82.9,"","",NA,"","",NA,"corgroup73","",""
"FT0226",132.0146,24.4,"","",NA,"","",NA,"corgroup144","",""
"FT1652",132.1024,36,"","",NA,"","",NA,"corgroup215","",""
"FT2438",132.1024,52.4,"","","FT2573-CO2","","","group19","corgroup150","+",""
"FT0906",133.0612,33.2,"","",NA,"","",NA,"corgroup129","",""
"FT7779",135.1173,207.4,"","",NA,"","",NA,"corgroup165","",""
"FT2201",136.0622,48.4,"","",NA,"","",NA,"corgroup169","",""
"FT2217",136.0761,49,"","","FT2384-HCOOH(H2+CO2 or H2O+CO)","","","group18","corgroup169","+",""
"FT5738",136.0762,158.9,"","",NA,"","",NA,"corgroup142","",""
"FT2762",137.0469,58.3,"","",NA,"","",NA,"corgroup201","",""
"FT1224",138.0553,33.7,"","",NA,"","[2][M]+","group11","corgroup129","+",""
"FT3371",138.0917,86.6,"","",NA,"","",NA,"corgroup179","",""
"FT2540",138.0918,51.5,"","",NA,"","",NA,"corgroup182","",""
"FT1221",139.0575,33.1,"","",NA,"","[2][M+1]+","group11","corgroup129","+",""
"FT1235",140.0621,30,"","",NA,"","",NA,"corgroup134","",""
"FT0131",141.0061,23.3,"","",NA,"","",NA,"corgroup144","",""
"FT2542",141.9642,49.3,"","",NA,"","",NA,"corgroup182","",""
"FT3376",141.9644,83.1,"","",NA,"","",NA,"corgroup56","",""
"FT0187",142.0353,22.9,"","",NA,"","",NA,"corgroup144","",""
"FT2190",142.05,47.7,"","","FT2071-C3H7NOS","","","group17","corgroup169","+",""
"FT22948",142.092,638.8,"","",NA,"","",NA,NA,"",""
"FT0825",143.082,32.9,"","",NA,"","",NA,"corgroup129","",""
"FT3466",144.0659,90.1,"","",NA,"","",NA,"corgroup266","",""
"FT2888",144.0659,63.3,"","",NA,"","",NA,"corgroup118","",""
"FT3904",144.0813,111.2,"","","FT4033-γ-GluAlaGly-2H","","","group24","corgroup192","+",""
"FT4910",144.0813,134.4,"","",NA,"","",NA,"corgroup153","",""
"FT0132",146.0302,22.9,"","",NA,"","",NA,"corgroup144","",""
"FT3905",146.0604,110.4,"","",NA,"","",NA,"corgroup192","",""
"FT4427",146.0605,124.6,"","",NA,"","",NA,"corgroup3","",""
"FT7876",146.0605,211.9,"","",NA,"","",NA,"corgroup164","",""
"FT4691",147.0442,131.4,"","",NA,"","",NA,"corgroup232","",""
"FT1024",147.0768,32.2,"","",NA,"","",NA,"corgroup129","",""
"FT0280",147.1137,27.6,"","",NA,"","",NA,"corgroup134","",""
"FT0108",148.0277,22.1,"","",NA,"","",NA,"corgroup216","",""
"FT0809",148.0374,29.9,"","",NA,"","",NA,"corgroup134","",""
"FT3279",149.0601,83.8,"","",NA,"","",NA,"corgroup73","",""
"FT9005",149.0602,237.8,"","",NA,"","",NA,"corgroup76","",""
"FT0930",151.0472,31.7,"","",NA,"","",NA,"corgroup129","",""
"FT3033",151.0757,69.7,"","",NA,"","",NA,"corgroup285","",""
"FT2221",152.0352,49.1,"","",NA,"","",NA,"corgroup169","",""
"FT3219",154.0504,80.8,"","",NA,"","",NA,NA,"",""
"FT5273",154.0505,144.2,"","",NA,"","",NA,"corgroup204","",""
"FT2439",154.0858,51.2,"","",NA,"","",NA,"corgroup169","",""
"FT0875",155.0442,32.3,"","",NA,"","",NA,"corgroup129","",""
"FT0832",156.0772,31.2,"","",NA,"","",NA,"corgroup129","",""
"FT6347",158.0603,174.7,"","",NA,"","",NA,"corgroup117","",""
"FT2593",158.0604,53.3,"","",NA,"","",NA,"corgroup178","",""
"FT4216",158.0817,116.5,"","",NA,"","",NA,"corgroup156","",""
"FT2980",158.0817,66.8,"","",NA,"","",NA,"corgroup253","",""
"FT3482",158.0817,92.1,"","",NA,"","",NA,"corgroup329","",""
"FT3906",159.0919,109.3,"","",NA,"","",NA,"corgroup170","",""
"FT3928",162.0548,109.3,"","",NA,"","",NA,"corgroup168","",""
"FT1248",162.0765,33.7,"","",NA,"","",NA,"corgroup129","",""
"FT3983",163.0394,110.7,"","",NA,"","",NA,"corgroup192","",""
"FT4821",163.0395,135.6,"","",NA,"","",NA,"corgroup153","",""
"FT4726",163.0395,131.2,"","",NA,"","",NA,"corgroup263","",""
"FT1260",163.0605,33.9,"","",NA,"","",NA,"corgroup129","",""
"FT11542",163.0759,307.6,"","",NA,"","",NA,"corgroup61","",""
"FT9354",165.0686,248.3,"","",NA,"","",NA,"corgroup273","",""
"FT0842",165.985,31.7,"","",NA,"","",NA,"corgroup129","",""
"FT3467",166.0491,88.2,"","",NA,"","",NA,"corgroup300","",""
"FT3297",166.087,85.1,"","",NA,"","",NA,"corgroup73","",""
"FT0932",167.0211,33.2,"","",NA,"","",NA,"corgroup129","",""
"FT3406",167.0706,87.2,"","",NA,"","",NA,"corgroup179","",""
"FT3021",168.1026,69.2,"","",NA,"","",NA,"corgroup285","",""
"FT5420",168.1389,147.8,"","","FT5421-H2O","","","group27","corgroup149","+",""
"FT0181",169.0462,22.2,"","",NA,"","",NA,"corgroup144","",""
"FT0933",169.0587,31.2,"","",NA,"","",NA,"corgroup129","",""
"FT3435",169.0964,87.7,"","",NA,"","",NA,"corgroup179","",""
"FT0966",170.0433,32.8,"","",NA,"","",NA,"corgroup129","",""
"FT1514",170.0815,35.6,"","",NA,"","",NA,"corgroup99","",""
"FT2154",172.0594,49.2,"","",NA,"","",NA,"corgroup169","",""
"FT4922",172.076,135.3,"","",NA,"","",NA,"corgroup153","",""
"FT11457",173.1179,303,"","",NA,"","",NA,"corgroup127","",""
"FT2157",174.0142,48.8,"","",NA,"","",NA,"corgroup169","",""
"FT2606",175.0869,53.5,"","",NA,"","",NA,"corgroup150","",""
"FT6335",175.0872,173.3,"","",NA,"","",NA,"corgroup137","",""
"FT1345",175.1092,33.4,"","",NA,"","",NA,"corgroup129","",""
"FT5276",176.0322,144.7,"","",NA,"","",NA,"corgroup321","",""
"FT2487",176.0661,50.7,"","",NA,"","",NA,"corgroup178","",""
"FT2573",176.0922,52.4,"","",NA,"","","group19","corgroup150","+",""
"FT0570",176.9363,27.9,"","",NA,"","",NA,"corgroup134","",""
"FT0854",177.0249,30.7,"","",NA,"","",NA,"corgroup134","",""
"FT5874",177.0548,162.2,"","",NA,"","",NA,"corgroup184","",""
"FT5370",177.0551,146.5,"","","FT5372-H2O","","","group26","corgroup149","+",""
"FT5040",177.0551,137.4,"","",NA,"","",NA,"corgroup48","",""
"FT0370",178.0591,29.7,"","",NA,"","",NA,"corgroup134","",""
"FT1802",178.9952,39.7,"","",NA,"","",NA,NA,"",""
"FT7794",179.1073,209.1,"","",NA,"","",NA,"corgroup165","",""
"FT0084",179.9913,24.1,"","","FT0232-COOH","","","group2","corgroup144","+",""
"FT3498",180.0641,94.4,"","",NA,"","",NA,"corgroup329","",""
"FT2524",180.0644,51.8,"","",NA,"","",NA,"corgroup150","",""
"FT4214",180.0646,116.9,"","",NA,"","",NA,"corgroup59","",""
"FT0295",180.0871,27.3,"","",NA,"","",NA,"corgroup134","",""
"FT4479",180.1021,127.5,"","",NA,"","",NA,"corgroup210","",""
"FT0783",180.9044,29,"","",NA,"","",NA,"corgroup134","",""
"FT4299",181.0859,120.4,"","",NA,"","",NA,"corgroup77","",""
"FT12230",181.1228,325.6,"","",NA,"","",NA,"corgroup301","",""
"FT2871",182.0218,63.6,"","",NA,"","",NA,"corgroup36","",""
"FT2384",182.0818,48.9,"","",NA,"","","group18","corgroup169","+",""
"FT0080",182.963,23.3,"","",NA,"","",NA,"corgroup144","",""
"FT2932",184.0374,65.9,"","",NA,"","",NA,"corgroup253","",""
"FT3173",184.1337,76,"","",NA,"","",NA,"corgroup264","",""
"FT1664",184.1338,36.2,"","",NA,"","",NA,"corgroup99","",""
"FT0934",185.032,33.6,"","",NA,"","",NA,"corgroup129","",""
"FT2736",186.0765,58.1,"","",NA,"","",NA,"corgroup201","",""
"FT4149",186.1493,118.2,"","",NA,"","",NA,"corgroup287","",""
"FT5421",186.1494,147.8,"","",NA,"","","group27","corgroup149","+",""
"FT2894",188.0299,63.6,"","",NA,"","",NA,"corgroup118","",""
"FT3933",188.0548,111.4,"","",NA,"","",NA,"corgroup192","",""
"FT4029",188.071,112.1,"","",NA,"","",NA,"corgroup228","",""
"FT4938",188.0711,133.7,"","",NA,"","",NA,"corgroup28","",""
"FT1449",189.1235,35.1,"","",NA,"","",NA,"corgroup129","",""
"FT5605",189.1303,152.6,"","",NA,"","",NA,"corgroup175","",""
"FT2389",190.1078,49.5,"","",NA,"","",NA,"corgroup169","",""
"FT6120",191.1436,168.4,"","",NA,"","",NA,"corgroup139","",""
"FT2554",192.0401,51.7,"","",NA,"","",NA,"corgroup182","",""
"FT0658",192.911,26.6,"","",NA,"","",NA,"corgroup144","",""
"FT0844",193.0014,32.8,"","",NA,"","",NA,"corgroup129","",""
"FT5218",193.0499,141.2,"","",NA,"","",NA,"corgroup162","",""
"FT5560",194.0814,154.2,"","",NA,"","",NA,"corgroup175","",""
"FT5371",194.0815,146.9,"","","FT5348-Anhydroglucuronic-acid","","","group25","corgroup149","+",""
"FT5372",195.0648,146.5,"","",NA,"","","group26","corgroup283","+",""
"FT3118",195.0802,73.4,"","",NA,"","",NA,NA,"",""
"FT2517",196.0373,51.1,"","",NA,"","",NA,"corgroup150","",""
"FT7690",196.0978,206.8,"","",NA,"","",NA,"corgroup161","",""
"FT6336",197.069,174.5,"","",NA,"","",NA,"corgroup323","",""
"FT7795",197.1177,209.4,"","",NA,"","",NA,"corgroup165","",""
"FT2829",198.0532,61.2,"","",NA,"","",NA,"corgroup243","",""
"FT2562",198.0745,53.1,"","",NA,"","",NA,"corgroup150","",""
"FT2964",198.0746,66.6,"","",NA,"","",NA,"corgroup253","",""
"FT4407",198.0762,124.8,"","",NA,"","",NA,"corgroup213","",""
"FT1213",198.0977,33.1,"","","FT1261-Anhydrohexose","","","group10","corgroup129","+",""
"FT0652",198.1239,29.2,"","",NA,"","",NA,"corgroup134","",""
"FT12226",198.1495,325.1,"","",NA,"","",NA,"corgroup301","",""
"FT11561",199.0751,304.8,"","",NA,"","",NA,"corgroup75","",""
"FT0332",200.0411,28.7,"","",NA,"","",NA,"corgroup134","",""
"FT0186",200.9731,23.8,"","","FT0139-H2O","","","group3","corgroup144","+",""
"FT1549",202.0392,36.3,"","",NA,"","",NA,"corgroup99","",""
"FT6199",202.0537,171.2,"","",NA,"","",NA,"corgroup137","",""
"FT4516",202.0842,127.9,"","",NA,"","",NA,"corgroup58","",""
"FT2746",202.1807,55.6,"","",NA,"","",NA,"corgroup201","",""
"FT0859",203.0531,30.8,"","",NA,"","",NA,"corgroup249","",""
"FT2602",203.0818,53.4,"","",NA,"","",NA,"corgroup150","",""
"FT12231",203.1057,326.9,"","",NA,"","",NA,"corgroup301","",""
"FT2233",204.0873,49.4,"","",NA,"","",NA,"corgroup169","",""
"FT3486",204.1601,93.2,"","",NA,"","",NA,"corgroup222","",""
"FT4015",205.0979,111.4,"","",NA,"","",NA,"corgroup228","",""
"FT3885",205.1124,108.6,"","",NA,"","",NA,"corgroup192","",""
"FT3925",205.1195,108.1,"","",NA,"","",NA,"corgroup192","",""
"FT3599",206.0451,97.1,"","",NA,"","",NA,"corgroup238","",""
"FT5626",207.1384,154.4,"","","FT5627-Anhydrohexose","","","group28","corgroup175","+",""
"FT2673",207.9683,56.4,"","",NA,"","",NA,"corgroup201","",""
"FT6722",208.0983,186.3,"","",NA,"","",NA,"corgroup250","",""
"FT0839",208.9719,31.7,"","",NA,"","",NA,"corgroup129","",""
"FT6121",209.1542,169.5,"","",NA,"","",NA,"corgroup180","",""
"FT3264",210.0511,84.2,"","",NA,"","",NA,"corgroup73","",""
"FT7769",211.1699,208.2,"","",NA,"","",NA,"corgroup165","",""
"FT4326",212.0911,122.6,"","",NA,"","",NA,"corgroup3","",""
"FT5554",212.0915,152.9,"","",NA,"","",NA,"corgroup175","",""
"FT4306",213.0748,119.6,"","",NA,"","",NA,"corgroup59","",""
"FT2263",214.0698,47.6,"","",NA,"","",NA,"corgroup313","",""
"FT4163",214.1072,115.2,"","",NA,"","",NA,"corgroup156","",""
"FT7797",214.1443,210.1,"","",NA,"","",NA,"corgroup165","",""
"FT1388",215.0528,34.7,"","",NA,"","",NA,"corgroup304","",""
"FT2164",215.14,47.5,"","",NA,"","",NA,"corgroup169","",""
"FT0231",216.9513,22.3,"","","FT0145-CO","","","group4","corgroup216","+",""
"FT4912",217.0975,135.2,"","",NA,"","",NA,"corgroup153","",""
"FT0189",217.9896,22.5,"","",NA,"","",NA,"corgroup144","",""
"FT0653",218.0428,28.3,"","",NA,"","",NA,NA,"",""
"FT0139",218.9842,23.7,"","",NA,"","","group3","corgroup144","+",""
"FT3889",219.0767,109.1,"","","FT3877-H2O","","","group23","corgroup168","+",""
"FT7117",219.1003,194.1,"","",NA,"","",NA,NA,"",""
"FT7798",219.1005,208,"","",NA,"","",NA,"corgroup114","",""
"FT5675",219.1133,155.7,"","",NA,"","",NA,"corgroup187","",""
"FT3580",220.1187,96.9,"","",NA,"","",NA,"corgroup194","",""
"FT11988",220.133,319.6,"","",NA,"","",NA,"corgroup125","",""
"FT3911",221.0924,109.3,"","",NA,"","",NA,"corgroup60","",""
"FT2591",221.0924,53.1,"","",NA,"","",NA,"corgroup150","",""
"FT9288",221.1542,245.8,"","",NA,"","",NA,"corgroup145","",""
"FT0061",222.9305,24.3,"","",NA,"","",NA,"corgroup144","",""
"FT4102",223.1332,114.5,"","",NA,"","",NA,"corgroup156","",""
"FT0232",224.9899,24.1,"","",NA,"","","group2","corgroup144","+",""
"FT5622",225.1491,153.9,"","",NA,"","",NA,"corgroup175","",""
"FT3910",227.0794,110,"","",NA,"","",NA,"corgroup192","",""
"FT5758",228.087,159.3,"","",NA,"","",NA,"corgroup142","",""
"FT7799",228.1599,208.6,"","",NA,"","",NA,"corgroup165","",""
"FT2700",229.1548,57,"","",NA,"","",NA,"corgroup201","",""
"FT0118",229.943,24.6,"","",NA,"","",NA,"corgroup144","",""
"FT2132",229.975,48.3,"","",NA,"","",NA,"corgroup265","",""
"FT6730",230.0794,184.1,"","",NA,"","",NA,"corgroup250","",""
"FT3167",230.1029,77.4,"","",NA,"","",NA,NA,"",""
"FT2470",231.0843,50.2,"","",NA,"","",NA,"corgroup169","",""
"FT5968",231.0859,164.5,"","",NA,"","",NA,"corgroup269","",""
"FT2231",232.0141,48.1,"","",NA,"","",NA,"corgroup169","",""
"FT5182",232.1914,141.7,"","",NA,"","",NA,"corgroup162","",""
"FT5219",233.0426,142.7,"","",NA,"","",NA,"corgroup162","",""
"FT9012",233.0791,237.9,"","",NA,"","",NA,"corgroup76","",""
"FT2451",234.0653,49.8,"","",NA,"","",NA,"corgroup166","",""
"FT5555",234.0742,152.6,"","",NA,"","",NA,"corgroup188","",""
"FT4195",234.0977,116.5,"","",NA,"","",NA,"corgroup156","",""
"FT5027",234.1344,137.9,"","",NA,"","",NA,"corgroup236","",""
"FT7785",235.0735,209.8,"","",NA,"","",NA,"corgroup165","",""
"FT14670",236.2235,394,"","",NA,"","",NA,"corgroup254","",""
"FT6759",237.0743,185.9,"","",NA,"","",NA,"corgroup146","",""
"FT3877",237.0872,109,"","",NA,"","","group23","corgroup13","+",""
"FT6193",238.1078,171.4,"","",NA,"","",NA,"corgroup137","",""
"FT3778",239.092,105.7,"","",NA,"","",NA,"corgroup317","",""
"FT0192",239.9671,24.5,"","",NA,"","",NA,"corgroup144","",""
"FT5683",241.0951,156.1,"","",NA,"","",NA,"corgroup187","",""
"FT0193",242.0005,25.8,"","",NA,"","",NA,"corgroup144","",""
"FT3567",242.1007,95.7,"","",NA,"","",NA,"corgroup222","",""
"FT11995",242.1156,319.1,"","",NA,"","",NA,"corgroup100","",""
"FT0624",242.926,28.2,"","",NA,"","",NA,"corgroup134","",""
"FT0120",242.9615,25.8,"","",NA,"","",NA,"corgroup144","",""
"FT3939",243.0533,109.6,"","",NA,"","",NA,"corgroup230","",""
"FT0144",243.997,24.9,"","",NA,"","",NA,"corgroup144","",""
"FT0822",244.9231,29.8,"","",NA,"","",NA,"corgroup134","",""
"FT0145",244.9475,22.4,"","",NA,"","","group4","corgroup144","+",""
"FT1331",245.15,34.1,"","",NA,"","",NA,"corgroup129","",""
"FT18438",245.1502,497.6,"","",NA,"","",NA,"corgroup154","",""
"FT2071",247.0793,47.6,"","",NA,"","","group17","corgroup182","+",""
"FT3163",247.13,78.5,"","",NA,"","",NA,"corgroup264","",""
"FT9413",247.1327,251.8,"","",NA,"","",NA,"corgroup89","",""
"FT2488",249.0289,50.7,"","",NA,"","",NA,"corgroup178","",""
"FT3867",249.0613,108.9,"","",NA,"","",NA,"corgroup170","",""
"FT3627",249.1237,98.2,"","",NA,"","",NA,"corgroup256","",""
"FT14368",249.1854,387.3,"","",NA,"","",NA,NA,"",""
"FT3300",250.0389,82.8,"","",NA,"","",NA,"corgroup73","",""
"FT5752",250.069,158.5,"","",NA,"","",NA,"corgroup142","",""
"FT4334",251.1027,122.9,"","",NA,"","",NA,"corgroup3","",""
"FT7889",251.1042,213,"","",NA,"","",NA,"corgroup164","",""
"FT3322",251.1392,83.1,"","",NA,"","",NA,"corgroup43","",""
"FT3621",251.1398,98.4,"","",NA,"","",NA,"corgroup194","",""
"FT2313",251.9555,49.5,"","",NA,"","",NA,"corgroup169","",""
"FT6763",253.0482,185.5,"","",NA,"","",NA,"corgroup146","",""
"FT2862",253.1292,63.6,"","",NA,"","",NA,"corgroup118","",""
"FT2552",253.1292,54.7,"","",NA,"","",NA,"corgroup150","",""
"FT2301",253.9953,48.5,"","",NA,"","",NA,"corgroup265","",""
"FT2465",254.009,50.9,"","",NA,"","",NA,"corgroup22","",""
"FT0121",255.9417,22.9,"","",NA,"","",NA,"corgroup144","",""
"FT2501",256.0472,50.9,"","",NA,"","",NA,"corgroup178","",""
"FT4196",256.0795,117.4,"","",NA,"","",NA,"corgroup287","",""
"FT0768",257.8628,28.8,"","",NA,"","",NA,"corgroup270","",""
"FT6227",258.0743,172.1,"","",NA,"","",NA,"corgroup137","",""
"FT7232",258.0743,196.4,"","",NA,"","",NA,"corgroup212","",""
"FT0965",258.1107,31.9,"","",NA,"","",NA,"corgroup129","",""
"FT0655",258.8975,30.6,"","",NA,"","",NA,"corgroup134","",""
"FT0246",258.9783,23.5,"","",NA,"","",NA,"corgroup144","",""
"FT3954",259.0581,110,"","",NA,"","",NA,"corgroup38","",""
"FT2246",259.0802,47.1,"","",NA,"","",NA,"corgroup169","",""
"FT20828",259.2061,567,"","",NA,"","",NA,NA,"",""
"FT6191",260.0899,170.9,"","",NA,"","",NA,"corgroup137","",""
"FT0656",260.8975,28.3,"","",NA,"","",NA,"corgroup134","",""
"FT4939",261.0614,135.4,"","",NA,"","",NA,"corgroup193","",""
"FT11233",261.1106,295.4,"","",NA,"","",NA,"corgroup12","",""
"FT11548",261.1106,304.9,"","",NA,"","",NA,"corgroup75","",""
"FT18432",261.1242,495.9,"","",NA,"","",NA,"corgroup154","",""
"FT0751",262.069,28.5,"","",NA,"","",NA,"corgroup225","",""
"FT2066",263.0532,47.5,"","",NA,"","",NA,"corgroup74","",""
"FT1647",263.0533,35.6,"","",NA,"","",NA,"corgroup92","",""
"FT1651",263.0741,34.6,"","",NA,"","",NA,"corgroup92","",""
"FT13344",263.1438,358.3,"","",NA,"","",NA,"corgroup240","",""
"FT0160",263.9816,25.1,"","",NA,"","",NA,"corgroup144","",""
"FT0197",265.0159,25.1,"","",NA,"","",NA,"corgroup144","",""
"FT4349",265.1549,124,"","",NA,"","",NA,"corgroup3","",""
"FT14817",265.16,398.2,"","",NA,"","",NA,"corgroup202","",""
"FT5969",266.124,164.6,"","",NA,"","",NA,"corgroup184","",""
"FT0752",266.1601,28.5,"","",NA,"","",NA,"corgroup225","",""
"FT0151",267.0131,24.9,"","",NA,"","",NA,"corgroup144","",""
"FT3039",268.1046,73,"","",NA,"","",NA,"corgroup69","",""
"FT3430",268.1399,88.2,"","",NA,"","",NA,"corgroup266","",""
"FT0276",268.9621,27,"","",NA,"","",NA,"corgroup144","",""
"FT2764",269.0885,58.9,"","",NA,"","",NA,"corgroup261","",""
"FT2590",270.1553,53.8,"","",NA,"","",NA,"corgroup150","",""
"FT2892",270.1555,65.3,"","",NA,"","",NA,"corgroup118","",""
"FT4443",271.117,126.1,"","",NA,"","",NA,"corgroup210","",""
"FT11767",271.2277,312.6,"","",NA,"","",NA,"corgroup159","",""
"FT7890",273.0851,212.6,"","",NA,"","",NA,"corgroup164","",""
"FT3000",273.0948,68.6,"","",NA,"","",NA,NA,"",""
"FT2596",273.0949,53.3,"","",NA,"","",NA,"corgroup150","",""
"FT1509",274.092,35.4,"","",NA,"","",NA,"corgroup99","",""
"FT2564",275.1104,52.8,"","",NA,"","",NA,"corgroup178","",""
"FT2893",275.1105,63.5,"","",NA,"","",NA,"corgroup118","",""
"FT1075",275.1356,32.3,"","",NA,"","",NA,"corgroup249","",""
"FT11459",275.2014,302.5,"","",NA,"","",NA,"corgroup127","",""
"FT16829",275.2016,448,"","",NA,"","",NA,"corgroup122","",""
"FT13900",275.2032,370.6,"","",NA,"","",NA,"corgroup315","",""
"FT2518",276.1445,51.6,"","","FT2519-H2O","","","group20","corgroup166","+",""
"FT0709",276.8724,27.4,"","",NA,"","",NA,"corgroup134","",""
"FT11531",277.0842,305.7,"","",NA,"","",NA,"corgroup75","",""
"FT1158",277.09,32.4,"","",NA,"","",NA,"corgroup235","",""
"FT2691",277.148,56,"","",NA,"","",NA,NA,"",""
"FT16118",277.1796,431.4,"","",NA,"","",NA,"corgroup280","",""
"FT13218",277.18,354.8,"","",NA,"","",NA,"corgroup183","",""
"FT17860",277.2164,483.1,"","",NA,"","",NA,"corgroup332","",""
"FT17706",277.2165,476.5,"","",NA,"","",NA,"corgroup262","",""
"FT16508",277.2169,440.5,"","",NA,"","",NA,"corgroup217","",""
"FT0938",279.0478,31.5,"","",NA,"","",NA,"corgroup312","",""
"FT1709",279.0479,35.1,"","",NA,"","",NA,"corgroup92","",""
"FT5328",279.1349,145.5,"","",NA,"","",NA,"corgroup149","",""
"FT0939",280.0925,29.3,"","",NA,"","",NA,"corgroup134","",""
"FT1163",280.1397,34.9,"","",NA,"","",NA,"corgroup99","",""
"FT10109",281.1373,264,"","",NA,"","",NA,"corgroup138","",""
"FT13379",281.1538,356,"","",NA,"","",NA,"corgroup240","",""
"FT6205",282.0983,172.2,"","",NA,"","",NA,"corgroup180","",""
"FT3080",282.1551,72,"","",NA,"","",NA,"corgroup69","",""
"FT3723",283.0794,102.4,"","",NA,"","",NA,"corgroup226","",""
"FT8532",283.1164,227.2,"","",NA,"","",NA,"corgroup160","",""
"FT2787",284.0994,59.7,"","",NA,"","",NA,"corgroup261","",""
"FT8882",284.1286,235,"","",NA,"","",NA,"corgroup65","",""
"FT3764",284.1706,102.9,"","",NA,"","",NA,"corgroup226","",""
"FT0199",284.9385,26.2,"","",NA,"","",NA,"corgroup144","",""
"FT6496",285.1327,180.4,"","",NA,"","",NA,"corgroup174","",""
"FT1471",286.1504,34.9,"","",NA,"","",NA,"corgroup99","",""
"FT7021",287.0549,191.8,"","",NA,"","",NA,"corgroup46","",""
"FT4444",287.0898,125.4,"","",NA,"","",NA,"corgroup213","",""
"FT3531",287.1106,94.8,"","",NA,"","",NA,"corgroup281","",""
"FT9407",287.1261,249.8,"","",NA,"","",NA,"corgroup224","",""
"FT4350",287.137,122.8,"","",NA,"","",NA,"corgroup198","",""
"FT21735",287.2388,595.6,"","",NA,"","",NA,NA,"",""
"FT0878",288.1055,31.1,"","",NA,"","",NA,"corgroup129","",""
"FT5356",288.145,148.1,"","",NA,"","",NA,"corgroup149","",""
"FT3891",289.0498,109.1,"","",NA,"","",NA,"corgroup168","",""
"FT2819",289.0914,61,"","",NA,"","",NA,"corgroup261","",""
"FT1269",289.092,32.9,"","",NA,"","",NA,"corgroup129","",""
"FT3944",289.126,110.6,"","",NA,"","",NA,"corgroup192","",""
"FT3254",289.1263,82.2,"","",NA,"","",NA,"corgroup43","",""
"FT3593",289.1263,96.9,"","",NA,"","",NA,"corgroup194","",""
"FT3767",289.1264,104.7,"","",NA,"","",NA,"corgroup226","",""
"FT13855",289.1646,372.1,"","",NA,"","",NA,"corgroup51","",""
"FT13629",289.1799,367.4,"","",NA,"","",NA,"corgroup190","",""
"FT11776",289.2377,312.4,"","",NA,"","",NA,NA,"",""
"FT3022",290.0864,71,"","",NA,"","",NA,"corgroup285","",""
"FT0237",290.9433,24.4,"","",NA,"","",NA,"corgroup144","",""
"FT2757",291.0703,58.7,"","",NA,"","",NA,"corgroup261","",""
"FT4331",291.0958,121.8,"","",NA,"","",NA,"corgroup163","",""
"FT12699",291.1957,340.5,"","",NA,"","",NA,"corgroup284","",""
"FT12893",291.196,344.5,"","",NA,"","",NA,"corgroup83","",""
"FT12307",292.1759,328.6,"","",NA,"","",NA,"corgroup2","",""
"FT0240",292.9783,25.3,"","",NA,"","",NA,"corgroup144","",""
"FT0941",293.0836,31.5,"","",NA,"","",NA,"corgroup231","",""
"FT5346",293.1004,147.8,"","",NA,"","",NA,"corgroup149","",""
"FT17002",293.2111,454.2,"","",NA,"","",NA,"corgroup148","",""
"FT16830",293.2113,448.6,"","",NA,"","",NA,"corgroup122","",""
"FT12499",293.2116,333.8,"","",NA,"","",NA,"corgroup68","",""
"FT11464",293.2118,301.8,"","",NA,"","",NA,"corgroup113","",""
"FT10645",293.2118,281.5,"","",NA,"","",NA,"corgroup136","",""
"FT2519",294.155,51.6,"","",NA,"","","group20","corgroup166","+",""
"FT4498",295.1297,127.3,"","",NA,"","",NA,"corgroup210","",""
"FT13209",295.1906,355.8,"","",NA,"","",NA,"corgroup183","",""
"FT17865",295.2273,483.8,"","",NA,"","",NA,"corgroup332","",""
"FT18105",295.2274,487.8,"","",NA,"","",NA,"corgroup245","",""
"FT17702",295.2274,477.8,"","",NA,"","",NA,"corgroup29","",""
"FT0879",296.0663,31.1,"","",NA,"","",NA,"corgroup270","",""
"FT10064",297.132,264.5,"","",NA,"","",NA,"corgroup141","",""
"FT11887",299.1636,316.8,"","",NA,"","",NA,"corgroup296","",""
"FT2692",300.1058,56,"","",NA,"","",NA,"corgroup150","",""
"FT6454",301.0346,177.4,"","",NA,"","",NA,"corgroup177","",""
"FT2575",301.0898,52.9,"","",NA,"","",NA,"corgroup178","",""
"FT5327",301.1164,146.6,"","",NA,"","",NA,"corgroup90","",""
"FT8158",301.1191,218.1,"","",NA,"","",NA,"corgroup101","",""
"FT3707",301.1262,101.3,"","",NA,"","",NA,"corgroup226","",""
"FT4278",302.1242,120.2,"","",NA,"","",NA,"corgroup77","",""
"FT6423",303.0497,177.1,"","",NA,"","",NA,"corgroup177","",""
"FT4639",303.0502,130.1,"","",NA,"","",NA,"corgroup58","",""
"FT9406",303.0998,248.8,"","",NA,"","",NA,"corgroup120","",""
"FT2410",303.1054,49.2,"","",NA,"","",NA,"corgroup182","",""
"FT3880",304.0141,109.3,"","",NA,"","",NA,"corgroup230","",""
"FT6208",304.0798,171.5,"","",NA,"","",NA,NA,"",""
"FT0083",304.9695,24.8,"","",NA,"","",NA,"corgroup144","",""
"FT3377",305.0998,84.4,"","",NA,"","",NA,"corgroup56","",""
"FT3964",305.1,110.2,"","",NA,"","",NA,"corgroup192","",""
"FT13856",306.192,370.2,"","",NA,"","",NA,"corgroup51","",""
"FT13630",307.1903,366.5,"","",NA,"","",NA,"corgroup190","",""
"FT12732",309.2065,341.7,"","",NA,"","",NA,"corgroup284","",""
"FT3369",310.129,85.4,"","","FT3370-H2O","","","group21",NA,"",""
"FT4434",310.1865,125.4,"","",NA,"","",NA,NA,"",""
"FT11769",311.2218,312.9,"","",NA,"","",NA,"corgroup159","",""
"FT10637",311.2224,282.7,"","",NA,"","",NA,"corgroup136","",""
"FT11465",311.2225,302.3,"","",NA,"","",NA,"corgroup113","",""
"FT4666",312.1656,132.1,"","",NA,"","",NA,"corgroup171","",""
"FT0574",312.9117,28,"","",NA,"","",NA,"corgroup134","",""
"FT9087",313.0839,242.6,"","",NA,"","",NA,"corgroup151","",""
"FT12315",313.1045,329.5,"","",NA,"","",NA,"corgroup2","",""
"FT13983",313.2382,374.5,"","",NA,"","",NA,NA,"",""
"FT2820",314.0922,60.7,"","",NA,"","",NA,"corgroup118","",""
"FT9175",314.1392,242.1,"","",NA,"","",NA,"corgroup94","",""
"FT8762",314.1393,232.3,"","",NA,"","",NA,"corgroup53","",""
"FT1425",314.1453,36.2,"","",NA,"","",NA,"corgroup99","",""
"FT3303",315.1054,82.8,"","",NA,"","",NA,"corgroup339","",""
"FT4208",315.1418,117.9,"","",NA,"","",NA,"corgroup59","",""
"FT4439",315.1426,125.9,"","",NA,"","",NA,"corgroup210","",""
"FT2640",316.1007,54.8,"","",NA,"","",NA,"corgroup150","",""
"FT4680",317.1215,130.2,"","",NA,"","",NA,"corgroup171","",""
"FT5732",317.1593,157.8,"","",NA,"","",NA,"corgroup66","",""
"FT16121",317.1738,434.5,"","",NA,"","",NA,"corgroup280","",""
"FT11269",317.1967,297.6,"","",NA,"","",NA,"corgroup218","",""
"FT17705",317.2101,478.3,"","",NA,"","",NA,"corgroup29","",""
"FT4247",318.1552,119,"","",NA,"","",NA,"corgroup77","",""
"FT4640",318.1554,130.3,"","",NA,"","",NA,"corgroup232","",""
"FT2406",319.0805,49,"","",NA,"","",NA,"corgroup22","",""
"FT8172",319.13,218.4,"","",NA,"","",NA,NA,"",""
"FT5294",319.1501,145.6,"","",NA,"","",NA,"corgroup149","",""
"FT3698",320.1709,100.8,"","",NA,"","",NA,"corgroup226","",""
"FT13744",320.2591,369.5,"","",NA,"","",NA,"corgroup315","",""
"FT13891",320.2592,371.8,"","",NA,"","",NA,"corgroup132","",""
"FT2426",321.0952,49.4,"","",NA,"","",NA,"corgroup182","",""
"FT1632",321.0963,35.7,"","",NA,"","",NA,"corgroup92","",""
"FT9951",321.146,264.5,"","",NA,"","",NA,"corgroup141","",""
"FT13762",321.1668,368.8,"","",NA,"","",NA,"corgroup320","",""
"FT18444",321.1857,497.7,"","",NA,"","",NA,"corgroup154","",""
"FT17910",322.2748,481.3,"","",NA,"","",NA,"corgroup290","",""
"FT6353",323.0902,176.7,"","",NA,"","",NA,"corgroup276","",""
"FT8933",323.1855,237.6,"","",NA,"","",NA,"corgroup173","",""
"FT20385",323.2001,552.8,"","",NA,"","",NA,"corgroup292","",""
"FT5295",324.106,144.8,"","",NA,"","",NA,"corgroup149","",""
"FT1254",325.1137,32.8,"","",NA,"","",NA,"corgroup129","",""
"FT0711",326.8841,30.4,"","",NA,"","",NA,"corgroup134","",""
"FT3682",327.1054,100.1,"","","FT3699-CH2OH","","","group22","corgroup226","+",""
"FT13858",327.1212,371.5,"","",NA,"","",NA,"corgroup51","",""
"FT15646",327.2174,418.8,"","",NA,"","",NA,"corgroup242","",""
"FT8438",327.2177,224.6,"","",NA,"","",NA,"corgroup272","",""
"FT3370",328.1395,85.4,"","",NA,"","","group21","corgroup300","+",""
"FT4188",328.1396,117.2,"","",NA,"","",NA,"corgroup59","",""
"FT0575",328.883,29.1,"","",NA,"","",NA,"corgroup134","",""
"FT2467",329.0844,50.1,"","",NA,"","",NA,"corgroup313","",""
"FT3419",329.1232,87.4,"","",NA,"","",NA,"corgroup179","",""
"FT14099",329.1748,375.2,"","",NA,"","",NA,"corgroup26","",""
"FT2181",330.059,48.3,"","",NA,"","",NA,"corgroup74","",""
"FT4014",330.1189,110.7,"","",NA,"","",NA,"corgroup170","",""
"FT3396",331.0793,83.1,"","",NA,"","",NA,"corgroup339","",""
"FT16833",331.168,449.3,"","",NA,"","",NA,"corgroup122","",""
"FT12899",331.19,344.1,"","",NA,"","",NA,"corgroup83","",""
"FT12733",331.1904,339.6,"","",NA,"","",NA,"corgroup284","",""
"FT3759",332.1344,104.2,"","",NA,"","",NA,"corgroup317","",""
"FT9040",333.1451,238.8,"","",NA,"","",NA,"corgroup173","",""
"FT16388",333.1829,438.1,"","",NA,"","",NA,"corgroup111","",""
"FT12482",333.2055,333.7,"","",NA,"","",NA,"corgroup68","",""
"FT5726",334.19,159.8,"","",NA,"","",NA,"corgroup185","",""
"FT3968",335.0754,110.2,"","",NA,"","",NA,"corgroup168","",""
"FT3657",335.1452,99.3,"","",NA,"","",NA,"corgroup194","",""
"FT7444",335.1609,201.3,"","",NA,"","",NA,"corgroup57","",""
"FT8126",335.1611,217.4,"","",NA,"","",NA,"corgroup108","",""
"FT13210",335.184,355,"","",NA,"","",NA,"corgroup183","",""
"FT9284",335.1844,246,"","",NA,"","",NA,"corgroup145","",""
"FT13982",335.2218,373.9,"","",NA,"","",NA,"corgroup132","",""
"FT9176",336.1232,241.8,"","",NA,"","",NA,"corgroup251","",""
"FT0767",336.8407,28.8,"","",NA,"","",NA,NA,"",""
"FT18443",337.161,497.4,"","",NA,"","",NA,"corgroup154","",""
"FT4566",338.1806,132.3,"","",NA,"","",NA,"corgroup232","",""
"FT3744",338.1813,103.7,"","",NA,"","",NA,NA,"",""
"FT8288",339.1078,221.3,"","",NA,"","",NA,"corgroup157","",""
"FT4877",339.1078,134.6,"","",NA,"","",NA,"corgroup153","",""
"FT5144",339.1078,140.5,"","",NA,"","",NA,NA,"",""
"FT8956",339.1079,236.9,"","",NA,"","",NA,"corgroup95","",""
"FT4317",339.1079,121.4,"","",NA,"","",NA,"corgroup163","",""
"FT4542",339.1079,128.5,"","",NA,"","",NA,"corgroup103","",""
"FT6331",339.1416,175.2,"","",NA,"","",NA,"corgroup176","",""
"FT5727",339.1424,157.4,"","",NA,"","",NA,"corgroup142","",""
"FT20370",339.1747,551.7,"","",NA,"","",NA,"corgroup292","",""
"FT11263",339.1786,294.5,"","",NA,"","",NA,"corgroup348","",""
"FT16374",339.1944,440.4,"","",NA,"","",NA,"corgroup217","",""
"FT16191",339.1947,434.6,"","",NA,"","",NA,"corgroup280","",""
"FT3325",341.0638,83.4,"","",NA,"","",NA,NA,"",""
"FT5329",341.1583,148.5,"","",NA,"","",NA,"corgroup149","",""
"FT0758",342.1398,28.7,"","",NA,"","",NA,"corgroup134","",""
"FT3839",342.1551,107.3,"","",NA,"","",NA,"corgroup230","",""
"FT0712",342.863,28.6,"","",NA,"","",NA,"corgroup134","",""
"FT1273",343.1243,34.2,"","",NA,"","",NA,"corgroup129","",""
"FT4693",343.1371,130.3,"","",NA,"","",NA,"corgroup58","",""
"FT5333",343.175,147.5,"","",NA,"","",NA,"corgroup149","",""
"FT9558",343.2119,252.4,"","",NA,"","",NA,"corgroup89","",""
"FT9890",343.212,263.6,"","",NA,"","",NA,"corgroup140","",""
"FT3903",344.007,109.3,"","",NA,"","",NA,"corgroup168","",""
"FT4848",344.1345,134.2,"","",NA,"","",NA,"corgroup153","",""
"FT9377",344.1499,248.4,"","",NA,"","",NA,NA,"",""
"FT0871",345.0759,31,"","",NA,"","",NA,"corgroup241","",""
"FT1252",345.1293,33.3,"","",NA,"","",NA,"corgroup215","",""
"FT5240",345.133,147.1,"","",NA,"","",NA,"corgroup149","",""
"FT13631",345.1474,365.8,"","",NA,"","",NA,NA,"",""
"FT15359",345.2062,412.4,"","",NA,"","",NA,"corgroup23","",""
"FT2897",346.1136,63.6,"","",NA,"","",NA,"corgroup118","",""
"FT10600",346.2597,281.6,"","",NA,"","",NA,"corgroup136","",""
"FT12734",347.163,341.1,"","",NA,"","",NA,"corgroup284","",""
"FT4339",348.2022,122.2,"","",NA,"","",NA,"corgroup163","",""
"FT6708",348.2048,183.7,"","",NA,"","",NA,"corgroup250","",""
"FT11346",348.2755,299,"","",NA,"","",NA,"corgroup128","",""
"FT4391",349.0897,124.1,"","",NA,"","",NA,"corgroup213","",""
"FT5054",349.0899,138.5,"","",NA,"","",NA,NA,"",""
"FT15643",349.1994,420.6,"","",NA,"","",NA,"corgroup328","",""
"FT6411",350.2176,177,"","",NA,"","",NA,"corgroup117","",""
"FT6225",350.218,172,"","",NA,"","",NA,"corgroup137","",""
"FT9289",351.1588,246.5,"","",NA,"","",NA,"corgroup145","",""
"FT11466",351.2162,303.1,"","",NA,"","",NA,"corgroup127","",""
"FT10638",351.2162,281.1,"","",NA,"","",NA,"corgroup136","",""
"FT11116",351.2163,292.4,"","",NA,"","",NA,"corgroup133","",""
"FT14999",351.2537,401.1,"","",NA,"","",NA,"corgroup307","",""
"FT0426",351.9896,28.9,"","",NA,"","",NA,"corgroup134","",""
"FT2824",352.0482,61.1,"","",NA,"","",NA,"corgroup243","",""
"FT7223",352.1165,196,"","",NA,"","",NA,"corgroup212","",""
"FT4866",353.0869,134.3,"","",NA,"","",NA,"corgroup153","",""
"FT4583",353.0872,129.6,"","",NA,"","",NA,"corgroup263","",""
"FT4425",353.1356,124.5,"","",NA,"","",NA,"corgroup213","",""
"FT6712",353.1584,182.7,"","",NA,"","",NA,"corgroup71","",""
"FT11332",353.2312,300.4,"","",NA,"","",NA,"corgroup113","",""
"FT16086",353.2698,431.2,"","",NA,"","",NA,"corgroup280","",""
"FT3632",355.1021,98.3,"","",NA,"","",NA,"corgroup238","",""
"FT2925",355.1026,64.9,"","",NA,"","",NA,"corgroup253","",""
"FT3985",355.1027,110.5,"","",NA,"","",NA,"corgroup168","",""
"FT4719",355.1027,130.6,"","",NA,"","",NA,"corgroup171","",""
"FT5728",355.1166,156.8,"","",NA,"","",NA,"corgroup66","",""
"FT11262",355.1536,296,"","",NA,"","",NA,"corgroup218","",""
"FT16215",355.1659,433.7,"","",NA,"","",NA,"corgroup44","",""
"FT6226",355.1737,172.4,"","",NA,"","",NA,"corgroup180","",""
"FT6438",355.174,176.6,"","",NA,"","",NA,"corgroup177","",""
"FT7553",355.174,203.9,"","",NA,"","",NA,"corgroup186","",""
"FT12462",355.189,331.3,"","",NA,"","",NA,"corgroup68","",""
"FT5330",357.1323,147.8,"","",NA,"","",NA,"corgroup116","",""
"FT9029",357.1901,240.5,"","",NA,"","",NA,"corgroup173","",""
"FT9341",357.1901,242.8,"","","FT9203-Glucuronic-acid","","","group33","corgroup251","+",""
"FT3699",358.1283,100.2,"","",NA,"","","group22","corgroup256","+",""
"FT3752",359.1109,104.1,"","",NA,"","",NA,"corgroup317","",""
"FT3495",359.1335,92.7,"","",NA,"","",NA,"corgroup222","",""
"FT5759",359.1695,159.5,"","",NA,"","",NA,"corgroup142","",""
"FT5321",360.1294,146,"","",NA,"","",NA,"corgroup149","",""
"FT4727",360.1299,129.9,"","",NA,"","",NA,"corgroup263","",""
"FT1261",360.1508,33.1,"","",NA,"","","group10","corgroup129","+",""
"FT17885",360.23,483.1,"","",NA,"","",NA,"corgroup290","",""
"FT13896",360.2527,372.5,"","",NA,"","",NA,"corgroup132","",""
"FT13747",360.2528,368.1,"","",NA,"","",NA,"corgroup315","",""
"FT0694",360.8336,28.5,"","",NA,"","",NA,"corgroup312","",""
"FT11040",361.1105,291.6,"","",NA,"","",NA,"corgroup131","",""
"FT15347",361.1792,413.7,"","",NA,"","",NA,"corgroup23","",""
"FT1276",362.1562,33.8,"","",NA,"","",NA,"corgroup129","",""
"FT5794",362.1817,159,"","",NA,"","",NA,"corgroup200","",""
"FT5947",362.1819,163,"","",NA,"","",NA,"corgroup269","",""
"FT8458",362.2546,224.4,"","",NA,"","",NA,"corgroup157","",""
"FT14731",362.2688,395.6,"","",NA,"","",NA,"corgroup237","",""
"FT3848",364.1372,107.9,"","",NA,"","",NA,"corgroup230","",""
"FT4248",365.0847,119,"","",NA,"","",NA,"corgroup287","",""
"FT0828",365.1063,30.2,"","",NA,"","",NA,"corgroup134","",""
"FT7158",365.1718,194.6,"","",NA,"","",NA,"corgroup327","",""
"FT9565",365.1951,251.6,"","",NA,"","",NA,"corgroup120","",""
"FT13711",365.2315,367.1,"","",NA,"","",NA,"corgroup190","",""
"FT11862",365.2327,316.5,"","",NA,"","",NA,"corgroup296","",""
"FT6310",366.2122,172.3,"","",NA,"","",NA,"corgroup176","",""
"FT4114",367.1005,114.2,"","",NA,"","",NA,"corgroup191","",""
"FT1188",367.1113,31.5,"","",NA,"","",NA,"corgroup129","",""
"FT5944",367.1357,163.8,"","",NA,"","",NA,"corgroup184","",""
"FT3956",367.1505,110.1,"","",NA,"","",NA,"corgroup168","",""
"FT5021",367.1507,138,"","",NA,"","",NA,"corgroup153","",""
"FT10646",367.1897,282.7,"","",NA,"","",NA,"corgroup115","",""
"FT11461",367.1904,305.2,"","",NA,"","",NA,"corgroup87","",""
"FT8404",367.2111,225.7,"","",NA,"","",NA,"corgroup272","",""
"FT2906",368.0959,64.2,"","",NA,"","",NA,NA,"",""
"FT4182",368.1322,117.1,"","",NA,"","",NA,"corgroup59","",""
"FT4887",369.0816,135,"","",NA,"","",NA,"corgroup193","",""
"FT3955",369.0819,110.1,"","",NA,"","",NA,"corgroup38","",""
"FT3409",369.1161,87,"","",NA,"","",NA,"corgroup179","",""
"FT2633",369.1161,54.6,"","",NA,"","",NA,"corgroup178","",""
"FT8040",369.1171,216.3,"","",NA,"","",NA,"corgroup35","",""
"FT6327",369.1176,174.3,"","",NA,"","",NA,"corgroup177","",""
"FT5446",369.1181,149.4,"","",NA,"","",NA,"corgroup116","",""
"FT5881",369.1185,161.9,"","",NA,"","",NA,"corgroup184","",""
"FT5042",369.1185,138.3,"","",NA,"","",NA,"corgroup206","",""
"FT4882",369.1667,134.7,"","",NA,"","",NA,"corgroup153","",""
"FT4473",369.167,126.9,"","",NA,"","",NA,"corgroup213","",""
"FT5627",369.1912,154.4,"","",NA,"","","group28","corgroup66","+",""
"FT12185",369.2044,324.6,"","",NA,"","",NA,"corgroup279","",""
"FT4612",370.1139,130,"","",NA,"","",NA,"corgroup171","",""
"FT5348",370.1143,147,"","",NA,"","","group25","corgroup116","+",""
"FT7548",371.1486,202.9,"","",NA,"","",NA,"corgroup186","",""
"FT7562",371.2085,203.9,"","",NA,"","",NA,"corgroup186","",""
"FT6594",371.2087,181.4,"","",NA,"","",NA,"corgroup250","",""
"FT7268",371.2092,198.4,"","",NA,"","",NA,"corgroup57","",""
"FT3605",372.1871,97.2,"","",NA,"","",NA,"corgroup281","",""
"FT3724",372.1872,102.4,"","",NA,"","",NA,"corgroup226","",""
"FT9030",373.1629,238.4,"","",NA,"","",NA,"corgroup173","",""
"FT12222",373.1769,325.3,"","",NA,"","",NA,"corgroup124","",""
"FT11460",373.1972,302.2,"","",NA,"","",NA,"corgroup88","",""
"FT10620",373.1985,282.4,"","",NA,"","",NA,NA,"",""
"FT7765",373.2225,209.2,"","",NA,"","",NA,"corgroup165","",""
"FT5228",374.1453,143.3,"","",NA,"","",NA,"corgroup162","",""
"FT4379",374.1454,123.5,"","",NA,"","",NA,"corgroup198","",""
"FT5579",374.1456,153.5,"","",NA,"","",NA,"corgroup175","",""
"FT5374",374.1457,148.3,"","",NA,"","",NA,"corgroup283","",""
"FT5823",375.1459,160.3,"","",NA,"","",NA,"corgroup142","",""
"FT7396",375.1561,201,"","",NA,"","",NA,"corgroup98","",""
"FT5056",375.1653,138.5,"","",NA,"","",NA,"corgroup288","",""
"FT12204",375.2154,325.4,"","",NA,"","",NA,"corgroup279","",""
"FT5391",376.1973,148.3,"","",NA,"","",NA,"corgroup116","",""
"FT13883",376.2257,372.9,"","",NA,"","",NA,"corgroup132","",""
"FT6899",379.0798,188.8,"","",NA,"","",NA,"corgroup223","",""
"FT4438",379.1004,125.1,"","",NA,"","",NA,"corgroup72","",""
"FT5156",379.1005,140.6,"","",NA,"","",NA,"corgroup207","",""
"FT5573",379.1005,153.1,"","",NA,"","",NA,"corgroup299","",""
"FT5375",379.1005,147.6,"","",NA,"","",NA,NA,"",""
"FT4884",379.1011,134.8,"","",NA,"","",NA,"corgroup195","",""
"FT0659",380.8964,29.9,"","",NA,"","",NA,"corgroup134","",""
"FT6437",381.0801,178.2,"","",NA,"","",NA,"corgroup276","",""
"FT1177",381.0802,31.5,"","",NA,"","",NA,"corgroup129","",""
"FT4740",381.0807,131.1,"","",NA,"","",NA,"corgroup58","",""
"FT4813",381.1161,133.7,"","",NA,"","",NA,"corgroup153","",""
"FT5761",381.152,158.6,"","",NA,"","",NA,"corgroup142","",""
"FT13735",381.2049,367.7,"","",NA,"","",NA,"corgroup320","",""
"FT5791",383.1107,160.7,"","",NA,"","",NA,NA,"",""
"FT4300",383.1318,120.9,"","",NA,"","",NA,"corgroup77","",""
"FT2950",383.1454,66,"","",NA,"","",NA,"corgroup96","",""
"FT6876",384.1449,188.3,"","",NA,"","",NA,"corgroup197","",""
"FT2643",385.09,55,"","",NA,"","",NA,NA,"",""
"FT8550",385.1476,226.1,"","",NA,"","",NA,"corgroup272","",""
"FT4088",385.1862,113.5,"","",NA,"","",NA,"corgroup191","",""
"FT4878",386.1086,134.6,"","",NA,"","",NA,"corgroup195","",""
"FT4423",386.2027,124.5,"","",NA,"","",NA,"corgroup72","",""
"FT14990",386.2912,404,"","",NA,"","",NA,NA,"",""
"FT7492",387.1077,202.2,"","",NA,"","",NA,NA,"",""
"FT14542",387.1948,391.8,"","",NA,"","",NA,"corgroup254","",""
"FT5628",387.2018,154.7,"","",NA,"","",NA,"corgroup175","",""
"FT6163",387.2021,170.1,"","",NA,"","",NA,"corgroup139","",""
"FT3660",388.1243,99.3,"","",NA,"","",NA,"corgroup194","",""
"FT3245",388.1243,81.6,"","",NA,"","",NA,"corgroup43","",""
"FT2951",388.1243,66,"","",NA,"","",NA,"corgroup253","",""
"FT5135",388.1612,140.3,"","",NA,"","",NA,"corgroup288","",""
"FT3942",389.1327,109.6,"","",NA,"","",NA,"corgroup13","",""
"FT8865",389.1716,234.6,"","",NA,"","",NA,"corgroup65","",""
"FT14535",389.1968,392,"","",NA,"","",NA,"corgroup254","",""
"FT6124",389.2177,168.6,"","",NA,"","",NA,"corgroup139","",""
"FT6586",389.2177,181,"","",NA,"","",NA,"corgroup174","",""
"FT2944",390.1402,65.7,"","",NA,"","",NA,"corgroup96","",""
"FT6617",390.1767,182,"","",NA,"","",NA,"corgroup71","",""
"FT4765",390.1769,132.3,"","",NA,"","",NA,"corgroup171","",""
"FT4750",391.0422,131.5,"","",NA,"","",NA,"corgroup171","",""
"FT4414",391.1582,124.1,"","",NA,"","",NA,"corgroup213","",""
"FT8597",391.1737,224.8,"","",NA,"","",NA,"corgroup63","",""
"FT14970",391.2472,402.9,"","",NA,"","",NA,"corgroup307","",""
"FT7265",393.1894,197.2,"","",NA,"","",NA,"corgroup212","",""
"FT7568",393.1896,204.6,"","",NA,"","",NA,"corgroup247","",""
"FT16150",393.2637,431.7,"","",NA,"","",NA,"corgroup280","",""
"FT2948",394.1715,65.8,"","",NA,"","",NA,NA,"",""
"FT3490",394.1715,92.6,"","",NA,"","",NA,"corgroup64","",""
"FT5458",394.2081,149.7,"","",NA,"","",NA,"corgroup158","",""
"FT2921",395.0955,64.7,"","",NA,"","",NA,"corgroup36","",""
"FT4763",395.1318,132.2,"","",NA,"","",NA,"corgroup195","",""
"FT7770",395.2055,210.6,"","",NA,"","",NA,"corgroup165","",""
"FT0577",396.8727,28.6,"","",NA,"","",NA,"corgroup134","",""
"FT4020",397.0507,110.9,"","",NA,"","",NA,"corgroup170","",""
"FT3859",397.1111,108.7,"","",NA,"","",NA,"corgroup170","",""
"FT5087",397.1475,138.8,"","",NA,"","",NA,"corgroup330","",""
"FT2946",399.1268,65.4,"","",NA,"","",NA,"corgroup118","",""
"FT13381",399.2323,357.8,"","",NA,"","",NA,"corgroup240","",""
"FT5901",400.2189,161.3,"","",NA,"","",NA,"corgroup200","",""
"FT2597",402.1613,53.3,"","",NA,"","",NA,"corgroup178","",""
"FT4968",403.1967,136,"","",NA,"","",NA,NA,"",""
"FT3963",404.1191,110.2,"","",NA,"","",NA,"corgroup168","",""
"FT5461",404.156,149.7,"","",NA,"","",NA,"corgroup116","",""
"FT7616",404.2291,205,"","",NA,"","",NA,"corgroup161","",""
"FT5014",405.1057,137.6,"","",NA,"","",NA,"corgroup153","",""
"FT6691",405.1554,184.3,"","",NA,"","",NA,"corgroup71","",""
"FT7226",405.1665,196.8,"","",NA,"","",NA,"corgroup172","",""
"FT5754",405.1741,158.5,"","",NA,"","",NA,"corgroup185","",""
"FT6816",406.127,187.4,"","",NA,"","",NA,NA,"",""
"FT4792",406.1715,133.3,"","",NA,"","",NA,"corgroup153","",""
"FT5523",406.2442,151.7,"","",NA,"","",NA,"corgroup158","",""
"FT6874",406.2443,185.8,"","",NA,"","",NA,"corgroup146","",""
"FT8456",407.1115,224.6,"","",NA,"","",NA,NA,"",""
"FT2352",407.1166,49.9,"","",NA,"","",NA,"corgroup178","",""
"FT3458",407.153,89.7,"","",NA,"","",NA,NA,"",""
"FT16193",407.1819,432.5,"","",NA,"","",NA,"corgroup280","",""
"FT16364",407.1825,437.4,"","",NA,"","",NA,"corgroup217","",""
"FT15102",407.2208,403.4,"","",NA,"","",NA,NA,"",""
"FT5433",409.1111,149.1,"","",NA,"","",NA,"corgroup283","",""
"FT7565",409.1624,206.1,"","",NA,"","",NA,"corgroup247","",""
"FT6025",409.1836,166.6,"","",NA,"","",NA,"corgroup274","",""
"FT5488",409.1843,150.8,"","",NA,"","",NA,"corgroup158","",""
"FT7445",409.185,200.3,"","",NA,"","",NA,"corgroup326","",""
"FT7002",409.1853,190.3,"","",NA,"","",NA,"corgroup302","",""
"FT7606",409.1853,206.3,"","",NA,"","",NA,"corgroup97","",""
"FT3935",409.1874,109.5,"","",NA,"","",NA,"corgroup228","",""
"FT16039",409.2366,432.5,"","",NA,"","",NA,NA,"",""
"FT0660",410.8521,28,"","",NA,"","",NA,"corgroup134","",""
"FT5015",411.1157,137.7,"","",NA,"","",NA,"corgroup207","",""
"FT14534",411.1802,392.7,"","",NA,"","",NA,"corgroup237","",""
"FT5684",411.1995,152.8,"","",NA,"","",NA,"corgroup175","",""
"FT6881",411.2003,187.4,"","",NA,"","",NA,"corgroup146","",""
"FT6583",411.2004,181.7,"","",NA,"","",NA,"corgroup174","",""
"FT6405",411.2006,175.5,"","",NA,"","",NA,"corgroup177","",""
"FT5898",411.2007,162.4,"","",NA,"","",NA,"corgroup184","",""
"FT6244",412.2192,172.8,"","",NA,"","",NA,"corgroup137","",""
"FT6042",412.2196,167.7,"","",NA,"","",NA,"corgroup139","",""
"FT0578",412.847,29.3,"","",NA,"","",NA,"corgroup134","",""
"FT5078",413.0826,138.7,"","",NA,"","",NA,"corgroup48","",""
"FT5821",415.137,160,"","",NA,"","",NA,"corgroup142","",""
"FT4585",417.1372,129.6,"","",NA,"","",NA,"corgroup103","",""
"FT4033",417.1756,111.2,"","",NA,"","","group24","corgroup60","+",""
"FT11867",417.243,315.6,"","",NA,"","",NA,"corgroup152","",""
"FT11067",417.2431,291.7,"","",NA,"","",NA,"corgroup131","",""
"FT14941",417.2431,401.2,"","",NA,"","",NA,"corgroup282","",""
"FT8906",419.1822,235.9,"","",NA,"","",NA,"corgroup45","",""
"FT17337",419.257,463.7,"","",NA,"","",NA,"corgroup8","",""
"FT14833",419.2588,399.1,"","",NA,"","",NA,"corgroup202","",""
"FT13728",419.2589,367.6,"","",NA,"","",NA,"corgroup190","",""
"FT12039",419.2589,319.8,"","",NA,"","",NA,"corgroup125","",""
"FT14438",419.259,388.2,"","",NA,"","",NA,"corgroup106","",""
"FT5377",420.1871,147.6,"","",NA,"","",NA,"corgroup116","",""
"FT5224",420.1872,143.2,"","",NA,"","",NA,"corgroup337","",""
"FT6354",420.224,174.8,"","",NA,"","",NA,"corgroup176","",""
"FT3541",421.1342,95.1,"","",NA,"","",NA,"corgroup222","",""
"FT17384",421.2743,464.5,"","",NA,"","",NA,NA,"",""
"FT18130",421.2747,488.5,"","",NA,"","",NA,"corgroup245","",""
"FT6861",422.1006,187.9,"","",NA,"","",NA,"corgroup146","",""
"FT4461",422.1429,126.2,"","",NA,"","",NA,"corgroup213","",""
"FT7506",422.1453,202.5,"","",NA,"","",NA,"corgroup186","",""
"FT5207",422.2392,142.6,"","",NA,"","",NA,"corgroup204","",""
"FT16359",423.1532,437.8,"","",NA,"","",NA,"corgroup111","",""
"FT16177",423.1536,433.1,"","",NA,"","",NA,"corgroup105","",""
"FT9854",423.2376,264.2,"","",NA,"","",NA,"corgroup143","",""
"FT16203",424.1693,433.4,"","",NA,"","",NA,"corgroup280","",""
"FT5418",424.2549,150.1,"","",NA,"","",NA,"corgroup158","",""
"FT1300",425.0864,33.1,"","",NA,"","",NA,"corgroup92","",""
"FT7595",425.1575,205.7,"","",NA,"","",NA,"corgroup247","",""
"FT6322",425.1575,173.1,"","",NA,"","",NA,NA,"",""
"FT7013",425.1577,191.5,"","",NA,"","",NA,"corgroup223","",""
"FT5629",425.1578,154.4,"","",NA,"","",NA,"corgroup188","",""
"FT4712",425.1788,130.5,"","",NA,"","",NA,"corgroup171","",""
"FT4097",425.1788,113.6,"","",NA,"","",NA,"corgroup191","",""
"FT4381",425.1788,123.5,"","",NA,"","",NA,"corgroup72","",""
"FT4955",425.1789,135.7,"","",NA,"","",NA,"corgroup207","",""
"FT1325",427.0775,34.1,"","",NA,"","",NA,"corgroup129","",""
"FT9655",427.1374,256.4,"","",NA,"","",NA,"corgroup234","",""
"FT7098",427.1482,198.4,"","",NA,"","",NA,"corgroup212","",""
"FT6398",427.1728,176.8,"","",NA,"","",NA,"corgroup176","",""
"FT4283",427.2082,120.4,"","",NA,"","",NA,"corgroup77","",""
"FT5415",429.2106,148.7,"","",NA,"","",NA,"corgroup116","",""
"FT4304",429.2109,117.5,"","",NA,"","",NA,"corgroup287","",""
"FT5312",430.2296,145.5,"","",NA,"","",NA,"corgroup275","",""
"FT4051",431.0956,111.5,"","",NA,"","",NA,NA,"",""
"FT10720",433.2383,283.2,"","",NA,"","",NA,"corgroup136","",""
"FT1127",434.1873,32.3,"","",NA,"","",NA,"corgroup231","",""
"FT6883",434.2031,188.4,"","",NA,"","",NA,"corgroup146","",""
"FT13312",434.2743,354.9,"","",NA,"","",NA,"corgroup259","",""
"FT13382",435.2503,359.5,"","",NA,"","",NA,"corgroup240","",""
"FT14942",435.2508,400.2,"","","FT14904-CH2CO","","","group16","corgroup202","+",""
"FT11853",435.2536,315.3,"","",NA,"","",NA,"corgroup152","",""
"FT11128",435.2539,292.3,"","",NA,"","",NA,"corgroup131","",""
"FT12913",435.254,345.6,"","",NA,"","",NA,"corgroup83","",""
"FT12065",435.254,320.5,"","",NA,"","",NA,"corgroup125","",""
"FT12293",435.254,327.5,"","",NA,"","",NA,"corgroup293","",""
"FT11491",435.2541,301.5,"","",NA,"","",NA,"corgroup113","",""
"FT14258",435.2541,383.4,"","",NA,"","",NA,"corgroup39","",""
"FT9212",435.2541,243,"","",NA,"","",NA,"corgroup260","",""
"FT9338",435.2542,247.6,"","",NA,"","",NA,"corgroup145","",""
"FT5236",436.1823,143.7,"","",NA,"","",NA,"corgroup162","",""
"FT3666",436.2184,99.4,"","",NA,"","",NA,"corgroup194","",""
"FT3488",436.2186,92.4,"","",NA,"","",NA,"corgroup281","",""
"FT13745",436.2858,368,"","",NA,"","",NA,NA,"",""
"FT14807",436.2859,398.8,"","",NA,"","",NA,"corgroup268","",""
"FT11628",437.2677,307,"","",NA,"","",NA,"corgroup87","",""
"FT20422",437.2691,553.2,"","",NA,"","",NA,NA,"",""
"FT14223",437.2694,381.9,"","",NA,"","",NA,"corgroup39","",""
"FT13700",437.2695,367.4,"","",NA,"","",NA,"corgroup190","",""
"FT13919",437.2697,373.3,"","",NA,"","",NA,"corgroup132","",""
"FT14948",437.2725,404.1,"","",NA,"","",NA,"corgroup282","",""
"FT1004",439.1428,31.8,"","",NA,"","",NA,"corgroup231","",""
"FT4868",439.1584,134.3,"","",NA,"","",NA,"corgroup153","",""
"FT9847",439.2097,262.8,"","",NA,"","",NA,"corgroup140","",""
"FT8820",439.2852,233.4,"","",NA,"","",NA,"corgroup155","",""
"FT16319",440.1432,436.7,"","",NA,"","",NA,NA,"",""
"FT6841",440.1923,186.2,"","",NA,"","",NA,"corgroup109","",""
"FT10095",441.3,264.1,"","",NA,"","",NA,"corgroup138","",""
"FT5789",442.2291,159,"","",NA,"","",NA,"corgroup142","",""
"FT16664",442.2963,444.1,"","",NA,"","",NA,NA,"",""
"FT3533",443.1167,94.8,"","",NA,"","",NA,"corgroup281","",""
"FT15546",443.3166,417.4,"","",NA,"","",NA,"corgroup242","",""
"FT6678",445.1477,183.6,"","",NA,"","",NA,"corgroup71","",""
"FT6840",445.1478,187.6,"","",NA,"","",NA,"corgroup146","",""
"FT6623",446.1816,182.2,"","",NA,"","",NA,NA,"",""
"FT7375",449.1089,200.2,"","",NA,"","",NA,"corgroup186","",""
"FT4262",449.1928,118.2,"","",NA,"","",NA,"corgroup77","",""
"FT6005",450.2343,166,"","",NA,"","",NA,NA,"",""
"FT5117",451.1931,139.7,"","",NA,"","",NA,"corgroup288","",""
"FT10150",451.2486,266.5,"","",NA,"","",NA,"corgroup267","",""
"FT14077",451.2488,377.7,"","",NA,"","",NA,"corgroup26","",""
"FT15561",451.2489,417.9,"","",NA,"","",NA,"corgroup242","",""
"FT9478",451.2489,250.6,"","","FT9479-H2O","","","group34","corgroup89","+",""
"FT13598",451.249,364.5,"","",NA,"","",NA,"corgroup190","",""
"FT12823",451.249,342.5,"","",NA,"","",NA,"corgroup284","",""
"FT3471",452.177,91,"","",NA,"","",NA,"corgroup64","",""
"FT11854",452.2785,312.8,"","",NA,"","",NA,"corgroup159","",""
"FT9336",452.2789,248.8,"","",NA,"","",NA,"corgroup224","",""
"FT9218",452.2793,241.1,"","",NA,"","",NA,"corgroup151","",""
"FT12294",452.2799,327.1,"","",NA,"","",NA,"corgroup301","",""
"FT10770",453.2628,283.9,"","",NA,"","",NA,"corgroup136","",""
"FT12284",453.2635,327,"","",NA,"","",NA,"corgroup293","",""
"FT12948",453.2637,346.4,"","",NA,"","",NA,"corgroup83","",""
"FT11110",453.2639,292.1,"","",NA,"","",NA,"corgroup131","",""
"FT13351",453.2641,357.7,"","","FT13352-benzene","","","group14","corgroup240","+",""
"FT12525",453.2642,334.2,"","",NA,"","",NA,NA,"",""
"FT11334",453.2643,299,"","","FT11335-SO3","","","group8","corgroup128","+",""
"FT9202",453.2644,242.9,"","",NA,"","",NA,"corgroup260","",""
"FT3974",454.0196,110.3,"","",NA,"","",NA,"corgroup168","",""
"FT4823",454.0197,134,"","",NA,"","",NA,"corgroup28","",""
"FT18508",454.293,498.2,"","",NA,"","",NA,NA,"",""
"FT18849",454.2957,507.6,"","",NA,"","",NA,NA,"",""
"FT14947",454.2959,401.3,"","",NA,"","",NA,"corgroup268","",""
"FT17715",454.296,476.7,"","",NA,"","",NA,"corgroup29","",""
"FT0969",455.1166,31.7,"","",NA,"","",NA,"corgroup235","",""
"FT6007",455.191,167.7,"","",NA,"","",NA,NA,"",""
"FT6179",455.1922,170.6,"","",NA,"","",NA,"corgroup137","",""
"FT4481",455.2259,127.2,"","",NA,"","",NA,NA,"",""
"FT5126",456.1481,139.9,"","",NA,"","",NA,"corgroup288","",""
"FT18131",456.3118,488.5,"","",NA,"","",NA,"corgroup245","",""
"FT1311",458.1873,33.4,"","",NA,"","",NA,"corgroup241","",""
"FT8635",459.2234,228.7,"","",NA,"","",NA,"corgroup160","",""
"FT17335",459.2513,463,"","",NA,"","",NA,NA,"",""
"FT12154",459.3111,323.5,"","",NA,"","",NA,"corgroup342","",""
"FT10079",459.3111,264.9,"","",NA,"","",NA,"corgroup141","",""
"FT1391",460.203,34.7,"","",NA,"","",NA,"corgroup304","",""
"FT17392",461.2665,464.8,"","",NA,"","",NA,"corgroup8","",""
"FT8937",462.2352,238.1,"","",NA,"","",NA,"corgroup173","",""
"FT0581",462.8625,27.4,"","",NA,"","",NA,"corgroup134","",""
"FT6789",463.1582,186,"","",NA,"","",NA,"corgroup146","",""
"FT5528",464.2136,151.8,"","",NA,"","",NA,"corgroup158","",""
"FT5667",464.2137,155.5,"","",NA,"","",NA,"corgroup188","",""
"FT6455",465.1037,177.4,"","",NA,"","",NA,"corgroup177","",""
"FT6766",465.1038,185.4,"","",NA,"","",NA,"corgroup167","",""
"FT5466",467.1533,149.9,"","",NA,"","",NA,"corgroup158","",""
"FT8932",467.1902,236.4,"","",NA,"","",NA,"corgroup65","",""
"FT9803",467.2438,261.1,"","",NA,"","",NA,"corgroup140","",""
"FT18426",467.3061,495.4,"","",NA,"","",NA,"corgroup154","",""
"FT6312",468.1639,173.9,"","",NA,"","",NA,"corgroup137","",""
"FT6629",468.1639,182.3,"","",NA,"","",NA,"corgroup174","",""
"FT5763",469.1327,158.6,"","",NA,"","",NA,"corgroup142","",""
"FT5661",469.169,155.3,"","",NA,"","",NA,"corgroup66","",""
"FT12813",469.2593,342.3,"","",NA,"","",NA,NA,"",""
"FT8552",469.2594,226.9,"","",NA,"","",NA,"corgroup160","",""
"FT11945",469.2595,317.3,"","",NA,"","",NA,NA,"",""
"FT9479",469.2595,250.6,"","",NA,"","","group34","corgroup89","+",""
"FT10699",469.2596,283.1,"","",NA,"","",NA,"corgroup136","",""
"FT13397",470.291,357.9,"","",NA,"","",NA,"corgroup240","",""
"FT14457",470.2912,388.7,"","",NA,"","",NA,"corgroup106","",""
"FT12910",470.2913,345.5,"","",NA,"","",NA,NA,"",""
"FT10771",470.2913,284.3,"","",NA,"","",NA,"corgroup115","",""
"FT15732",470.2945,420.8,"","",NA,"","",NA,"corgroup328","",""
"FT15911",470.2954,427,"","",NA,"","",NA,"corgroup344","",""
"FT14972",470.2976,404.8,"","",NA,"","",NA,"corgroup79","",""
"FT11868",471.2035,314.8,"","",NA,"","",NA,"corgroup159","",""
"FT9963",471.2739,264.3,"","",NA,"","",NA,"corgroup209","",""
"FT12244",471.2744,326.1,"","",NA,"","",NA,"corgroup124","",""
"FT11889",471.2749,315.7,"","",NA,"","",NA,"corgroup152","",""
"FT9666",471.2749,256.8,"","",NA,"","",NA,"corgroup189","",""
"FT11356",471.2757,299.3,"","",NA,"","",NA,"corgroup113","",""
"FT15805",472.3056,424.4,"","",NA,"","",NA,"corgroup344","",""
"FT14834",472.3067,399.1,"","",NA,"","",NA,"corgroup202","",""
"FT15156",472.3068,406.5,"","",NA,"","",NA,"corgroup79","",""
"FT13712",472.3068,367.5,"","",NA,"","",NA,"corgroup190","",""
"FT14440",472.3069,388.2,"","",NA,"","",NA,"corgroup106","",""
"FT14233",472.3069,382.2,"","",NA,"","",NA,"corgroup39","",""
"FT3468",473.1064,90.6,"","",NA,"","",NA,NA,"",""
"FT6984",473.2028,190.7,"","",NA,"","",NA,"corgroup302","",""
"FT8373",473.2896,222.6,"","",NA,"","",NA,"corgroup157","",""
"FT4943",474.2606,135.4,"","",NA,"","",NA,"corgroup153","",""
"FT1189",475.1776,32.6,"","",NA,"","",NA,"corgroup231","",""
"FT15740",475.2463,422.1,"","",NA,"","",NA,NA,"",""
"FT14935",475.2464,401,"","",NA,"","",NA,"corgroup202","",""
"FT4010",476.0015,110.7,"","",NA,"","",NA,"corgroup168","",""
"FT6855",476.1915,187.8,"","",NA,"","",NA,"corgroup146","",""
"FT6552",476.1921,179.9,"","",NA,"","",NA,"corgroup174","",""
"FT15585",477.2614,418.4,"","",NA,"","",NA,"corgroup242","",""
"FT14904",477.262,400.2,"","",NA,"","","group16","corgroup202","+",""
"FT14219",477.2621,381.8,"","",NA,"","",NA,"corgroup39","",""
"FT13921",477.2622,373.4,"","",NA,"","",NA,"corgroup132","",""
"FT7563",479.12,204,"","",NA,"","",NA,"corgroup55","",""
"FT17007",479.2802,453.4,"","",NA,"","",NA,"corgroup148","",""
"FT8633",481.2071,229.9,"","",NA,"","",NA,"corgroup160","",""
"FT4320",483.1481,121.4,"","",NA,"","",NA,NA,"",""
"FT9716",483.2752,258.3,"","","FT9717-H2O","","","group36","corgroup234","+",""
"FT9238",485.2542,243.7,"","",NA,"","",NA,"corgroup151","",""
"FT12840",485.2907,343.1,"","",NA,"","",NA,"corgroup298","",""
"FT13597",486.2856,361.5,"","",NA,"","",NA,NA,"",""
"FT11821",486.2858,313.4,"","",NA,"","",NA,"corgroup126","",""
"FT15583",486.286,418.3,"","",NA,"","",NA,NA,"",""
"FT10156",486.286,266.7,"","",NA,"","",NA,"corgroup267","",""
"FT12868",486.287,344.4,"","",NA,"","",NA,"corgroup83","",""
"FT5279",487.1932,144.6,"","",NA,"","",NA,"corgroup275","",""
"FT10722",487.2667,281.9,"","",NA,"","",NA,"corgroup136","",""
"FT8535",487.2696,226.8,"","",NA,"","",NA,"corgroup160","",""
"FT13383",488.3014,357.8,"","",NA,"","",NA,"corgroup240","",""
"FT10951",488.3015,290.9,"","",NA,"","",NA,"corgroup131","",""
"FT12965",488.3016,346.5,"","",NA,"","",NA,"corgroup83","",""
"FT8445",489.2322,224.5,"","",NA,"","",NA,"corgroup63","",""
"FT8733",489.2841,231.2,"","",NA,"","",NA,"corgroup155","",""
"FT9998",489.285,264.4,"","",NA,"","",NA,"corgroup141","",""
"FT10419",489.2875,275.6,"","",NA,"","",NA,"corgroup24","",""
"FT6180",490.2295,170.6,"","",NA,"","",NA,"corgroup137","",""
"FT6986",490.2298,189.8,"","",NA,"","",NA,"corgroup146","",""
"FT8037",490.2645,215.5,"","",NA,"","",NA,"corgroup31","",""
"FT11391",490.3138,299.6,"","",NA,"","",NA,"corgroup88","",""
"FT15912",491.2188,427.4,"","",NA,"","",NA,"corgroup123","",""
"FT16415",491.2198,439.1,"","",NA,"","",NA,NA,"",""
"FT10402",491.2406,274,"","",NA,"","",NA,"corgroup297","",""
"FT12075",491.2409,321,"","",NA,"","",NA,"corgroup125","",""
"FT11814",491.241,313.1,"","",NA,"","",NA,"corgroup126","",""
"FT12911",491.2414,345.5,"","",NA,"","",NA,"corgroup83","",""
"FT15576",491.2419,418.1,"","",NA,"","",NA,"corgroup242","",""
"FT16122",491.2434,432,"","",NA,"","",NA,"corgroup44","",""
"FT13398",491.3095,359.1,"","",NA,"","",NA,"corgroup240","",""
"FT9798",492.1775,261,"","",NA,"","",NA,NA,"",""
"FT14917",493.236,400.5,"","",NA,"","",NA,"corgroup202","",""
"FT13730",493.2368,367.9,"","",NA,"","",NA,"corgroup190","",""
"FT11175",493.2563,293.3,"","",NA,"","",NA,"corgroup131","",""
"FT10764",493.257,285,"","",NA,"","",NA,"corgroup115","",""
"FT12277",493.257,326.8,"","",NA,"","",NA,"corgroup293","",""
"FT0717",494.8112,27.1,"","",NA,"","",NA,"corgroup144","",""
"FT4259",495.1118,119.2,"","",NA,"","",NA,"corgroup59","",""
"FT8044",495.2216,214.9,"","",NA,"","",NA,"corgroup164","",""
"FT11442",495.2706,302.4,"","",NA,"","",NA,"corgroup127","",""
"FT14092",495.2752,378.1,"","",NA,"","",NA,"corgroup26","",""
"FT14573",495.2752,392.5,"","","FT14578-H2O","","","group15",NA,"",""
"FT5474",496.2401,150.3,"","",NA,"","",NA,"corgroup116","",""
"FT11614",496.2766,307.7,"","",NA,"","",NA,"corgroup87","",""
"FT17188",496.3442,459.5,"","",NA,"","",NA,"corgroup311","",""
"FT5030",497.1637,138.1,"","",NA,"","",NA,"corgroup236","",""
"FT17012",497.2908,453.5,"","",NA,"","",NA,"corgroup148","",""
"FT6513",498.174,178.1,"","",NA,"","",NA,"corgroup177","",""
"FT6910",498.1743,189.1,"","",NA,"","",NA,"corgroup223","",""
"FT10165",499.2153,266.4,"","",NA,"","",NA,"corgroup141","",""
"FT12049",499.2155,320,"","",NA,"","",NA,"corgroup125","",""
"FT10800",499.2162,285.8,"","",NA,"","",NA,"corgroup119","",""
"FT9717",501.2857,258.3,"","",NA,"","","group36","corgroup234","+",""
"FT16074",502.3176,430.2,"","",NA,"","",NA,"corgroup123","",""
"FT7470",503.192,201.7,"","",NA,"","",NA,"corgroup186","",""
"FT4671",503.2105,130.2,"","",NA,"","",NA,"corgroup171","",""
"FT9416",503.2467,249.1,"","",NA,"","",NA,"corgroup80","",""
"FT12779",503.2475,341.3,"","","FT12780-H2O","","","group13","corgroup298","+",""
"FT12136",503.3006,322.6,"","",NA,"","",NA,"corgroup279","",""
"FT9527",504.296,251.5,"","",NA,"","",NA,"corgroup89","",""
"FT11807",504.2961,313,"","","FT11809-SO3","","","group9","corgroup126","+",""
"FT12814",504.2965,342.3,"","",NA,"","",NA,NA,"",""
"FT11428",504.2965,301,"","",NA,"","",NA,"corgroup127","",""
"FT10339",504.2966,272.5,"","",NA,"","",NA,"corgroup297","",""
"FT11220",504.2966,294.9,"","",NA,"","",NA,NA,"",""
"FT11976",504.298,320,"","",NA,"","",NA,"corgroup100","",""
"FT14735",504.3197,395,"","",NA,"","",NA,"corgroup84","",""
"FT15858",504.3329,425.3,"","",NA,"","",NA,NA,"",""
"FT11257",506.3095,296.6,"","",NA,"","",NA,"corgroup128","",""
"FT8731",506.3126,228.9,"","",NA,"","",NA,"corgroup160","",""
"FT11751",506.3183,311.1,"","",NA,"","",NA,"corgroup107","",""
"FT24617",506.5288,695.9,"","",NA,"","",NA,NA,"",""
"FT21419",506.5304,583.8,"","",NA,"","",NA,NA,"",""
"FT16125",507.2117,435.3,"","",NA,"","",NA,"corgroup105","",""
"FT10416",507.2147,274.5,"","",NA,"","",NA,"corgroup325","",""
"FT9799",507.2364,261,"","",NA,"","",NA,"corgroup140","",""
"FT4371",508.2035,118.6,"","",NA,"","",NA,"corgroup121","",""
"FT7687",509.2011,206.7,"","",NA,"","",NA,NA,"",""
"FT11185",509.2291,293.8,"","",NA,"","",NA,"corgroup12","",""
"FT12261",509.2307,326.5,"","",NA,"","",NA,NA,"",""
"FT10159",509.2512,267,"","",NA,"","",NA,"corgroup138","",""
"FT9466",509.2521,250.5,"","",NA,"","",NA,"corgroup89","",""
"FT11785",509.2531,312.6,"","",NA,"","",NA,"corgroup107","",""
"FT10701",509.2538,283.1,"","",NA,"","",NA,"corgroup136","",""
"FT14744",509.2731,396.9,"","",NA,"","",NA,NA,"",""
"FT7917",510.2837,213.5,"","",NA,"","",NA,"corgroup31","",""
"FT18626",510.3653,501.3,"","",NA,"","",NA,"corgroup258","",""
"FT10080",511.2655,264.9,"","",NA,"","",NA,"corgroup52","",""
"FT10417",511.2674,274.7,"","",NA,"","",NA,"corgroup24","",""
"FT11246",511.2675,295.6,"","",NA,"","",NA,NA,"",""
"FT11761",511.2675,312.1,"","",NA,"","",NA,"corgroup107","",""
"FT10250",511.2676,269.6,"","",NA,"","",NA,"corgroup219","",""
"FT8723",511.2679,230.8,"","",NA,"","",NA,"corgroup155","",""
"FT12749",511.2695,340.4,"","","FT12747-H2O","","","group12","corgroup284","+",""
"FT5557",512.2713,152.6,"","",NA,"","",NA,"corgroup158","",""
"FT13752",513.2859,368.2,"","",NA,"","",NA,"corgroup190","",""
"FT14091",513.2861,379.4,"","",NA,"","",NA,NA,"",""
"FT14578",513.2865,392.6,"","",NA,"","","group15","corgroup237","+",""
"FT12990",513.3065,345.4,"","",NA,"","",NA,"corgroup83","",""
"FT13084",513.3074,350.2,"","",NA,"","",NA,"corgroup42","",""
"FT6526",514.1487,178.8,"","",NA,"","",NA,"corgroup177","",""
"FT7919",514.2874,213.5,"","",NA,"","",NA,"corgroup35","",""
"FT17009",514.3195,452.3,"","",NA,"","",NA,"corgroup148","",""
"FT16181",514.3215,432,"","",NA,"","",NA,"corgroup280","",""
"FT11017",515.2109,291.5,"","",NA,"","",NA,"corgroup131","",""
"FT10702",515.2112,283.1,"","",NA,"","",NA,NA,"",""
"FT18631",515.3203,501.7,"","",NA,"","",NA,"corgroup258","",""
"FT13348",516.3328,358.5,"","",NA,"","",NA,"corgroup259","",""
"FT10160",517.2265,266.8,"","",NA,"","",NA,"corgroup219","",""
"FT12030",517.2266,319.7,"","",NA,"","",NA,"corgroup125","",""
"FT11662",517.2266,308.9,"","",NA,"","",NA,NA,"",""
"FT17191",518.3231,458.9,"","",NA,"","",NA,"corgroup311","",""
"FT15283",518.3254,410.5,"","",NA,"","",NA,NA,"",""
"FT6843",519.1987,187.7,"","",NA,"","",NA,"corgroup146","",""
"FT5795",519.1987,159.1,"","",NA,"","",NA,NA,"",""
"FT6024",519.1991,166.9,"","",NA,"","",NA,"corgroup102","",""
"FT7928",519.2431,211.9,"","",NA,"","",NA,NA,"",""
"FT16178",519.2729,433.1,"","",NA,"","",NA,"corgroup280","",""
"FT12137",520.3327,323.4,"","",NA,"","",NA,"corgroup279","",""
"FT12835",520.3332,341,"","",NA,"","",NA,"corgroup298","",""
"FT16430",520.3376,438.4,"","",NA,"","",NA,"corgroup217","",""
"FT23379",520.5109,658,"","",NA,"","",NA,"corgroup310","",""
"FT9425",521.258,249.2,"","",NA,"","",NA,"corgroup120","",""
"FT12780",521.2581,341.3,"","",NA,"","","group13","corgroup255","+",""
"FT1179",522.2041,32.8,"","",NA,"","",NA,"corgroup129","",""
"FT10240",525.2257,271.5,"","",NA,"","",NA,"corgroup278","",""
"FT11985",525.2257,318.7,"","",NA,"","",NA,"corgroup125","",""
"FT11206",525.2263,296.4,"","",NA,"","",NA,"corgroup218","",""
"FT11411",525.2265,300.4,"","",NA,"","",NA,"corgroup127","",""
"FT9233",525.2474,243.6,"","",NA,"","",NA,NA,"",""
"FT9042",525.2475,238.8,"","",NA,"","",NA,"corgroup45","",""
"FT12138",525.2834,323,"","",NA,"","",NA,"corgroup279","",""
"FT12842",525.2835,343.1,"","",NA,"","",NA,"corgroup298","",""
"FT8152",525.3047,218,"","",NA,"","",NA,"corgroup101","",""
"FT12007",527.2457,319.3,"","",NA,"","",NA,"corgroup291","",""
"FT8478",527.2624,225.4,"","",NA,"","",NA,"corgroup157","",""
"FT7026",528.1856,191.8,"","",NA,"","",NA,"corgroup223","",""
"FT14078",528.297,377.7,"","",NA,"","",NA,"corgroup26","",""
"FT4226",529.1329,118.2,"","",NA,"","",NA,"corgroup121","",""
"FT12747",529.281,340.4,"","",NA,"","","group12","corgroup255","+",""
"FT14204",530.3126,381.4,"","",NA,"","",NA,"corgroup39","",""
"FT10829",531.2058,287,"","",NA,"","",NA,"corgroup119","",""
"FT8393",531.206,223.8,"","",NA,"","",NA,"corgroup157","",""
"FT11912",531.3071,315.9,"","",NA,"","",NA,"corgroup152","",""
"FT13352",531.3074,357.7,"","",NA,"","","group14","corgroup259","+",""
"FT8872",532.1951,234.7,"","",NA,"","",NA,"corgroup65","",""
"FT8769",532.3128,232.4,"","",NA,"","",NA,"corgroup78","",""
"FT7511",532.3284,202.6,"","",NA,"","",NA,"corgroup98","",""
"FT16692",532.3494,446.1,"","",NA,"","",NA,"corgroup81","",""
"FT16325",532.3501,437.8,"","",NA,"","",NA,"corgroup217","",""
"FT11335",533.2216,299,"","",NA,"","","group8","corgroup113","+",""
"FT7735",533.2216,207.9,"","",NA,"","",NA,"corgroup165","",""
"FT9214",533.2217,243,"","",NA,"","",NA,"corgroup16","",""
"FT10262",533.3229,269,"","",NA,"","",NA,"corgroup278","",""
"FT17736",534.365,477.6,"","",NA,"","",NA,"corgroup262","",""
"FT10354",535.2374,273.1,"","",NA,"","",NA,"corgroup297","",""
"FT14561",535.2676,392.3,"","",NA,"","",NA,"corgroup84","",""
"FT14093",535.2679,378.1,"","",NA,"","",NA,"corgroup26","",""
"FT22886",535.2711,635.1,"","",NA,"","",NA,NA,"",""
"FT6786",535.2762,186.1,"","",NA,"","",NA,"corgroup167","",""
"FT6030",537.2092,167.1,"","",NA,"","",NA,"corgroup139","",""
"FT9656",537.2533,256.5,"","",NA,"","",NA,"corgroup21","",""
"FT16337",537.3047,437.4,"","",NA,"","",NA,NA,"",""
"FT7467",538.2295,201.6,"","",NA,"","",NA,"corgroup86","",""
"FT6587",538.2298,181,"","",NA,"","",NA,"corgroup174","",""
"FT10267",538.2792,270,"","",NA,"","",NA,"corgroup196","",""
"FT10314",539.2609,271.4,"","",NA,"","",NA,NA,"",""
"FT6648",540.245,182.9,"","",NA,"","",NA,"corgroup71","",""
"FT15275",540.3071,410.2,"","",NA,"","",NA,NA,"",""
"FT9724",541.276,257.3,"","",NA,"","",NA,"corgroup234","",""
"FT6212",542.2608,171.7,"","",NA,"","",NA,"corgroup137","",""
"FT16420",542.3232,438.8,"","",NA,"","",NA,"corgroup217","",""
"FT12019",543.2193,319.6,"","",NA,"","",NA,"corgroup291","",""
"FT12144",543.2593,323.1,"","",NA,"","",NA,"corgroup279","",""
"FT11584",546.3073,307,"","",NA,"","",NA,"corgroup271","",""
"FT0585",546.8262,27.9,"","",NA,"","",NA,"corgroup134","",""
"FT9133",547.2013,240.7,"","",NA,"","",NA,"corgroup260","",""
"FT4404",548.2563,123.9,"","",NA,"","",NA,"corgroup213","",""
"FT13090",548.3453,351.5,"","",NA,"","",NA,NA,"",""
"FT11534",549.213,303.5,"","",NA,"","",NA,"corgroup127","",""
"FT8570",549.2163,227,"","",NA,"","",NA,"corgroup181","",""
"FT11786",549.2165,312.6,"","",NA,"","",NA,"corgroup126","",""
"FT10825",549.2167,286.9,"","","FT10827-C2H2O2","","","group7",NA,"",""
"FT10679",551.2318,283,"","",NA,"","",NA,"corgroup136","",""
"FT9203",551.2318,242.9,"","",NA,"","","group33","corgroup260","+",""
"FT11046",551.2319,291.6,"","",NA,"","",NA,"corgroup131","",""
"FT11359",551.232,299.1,"","",NA,"","",NA,"corgroup128","",""
"FT9921",551.2323,265.3,"","",NA,"","",NA,NA,"",""
"FT5511",551.2711,151.6,"","",NA,"","",NA,"corgroup299","",""
"FT12287",552.2658,325.1,"","",NA,"","",NA,"corgroup301","",""
"FT5378",553.1958,148.6,"","",NA,"","",NA,"corgroup90","",""
"FT11336",553.2351,299,"","",NA,"","",NA,"corgroup128","",""
"FT8764",553.2439,233.7,"","",NA,"","",NA,NA,"",""
"FT13267",553.2479,355.8,"","",NA,"","",NA,"corgroup259","",""
"FT13023",553.2499,347.7,"","",NA,"","",NA,NA,"",""
"FT12974",553.2991,346.5,"","",NA,"","",NA,"corgroup83","",""
"FT13083",553.2992,350.2,"","",NA,"","",NA,"corgroup42","",""
"FT7512",554.3113,203.8,"","",NA,"","",NA,"corgroup86","",""
"FT8964",555.1492,237,"","",NA,"","",NA,"corgroup76","",""
"FT10518",555.2518,278.7,"","",NA,"","",NA,"corgroup309","",""
"FT12698",556.2959,338.7,"","",NA,"","",NA,NA,"",""
"FT9726",557.253,258.5,"","",NA,"","",NA,"corgroup234","",""
"FT6588",559.16,181.5,"","",NA,"","",NA,"corgroup71","",""
"FT5783",559.1913,159.3,"","",NA,"","",NA,"corgroup142","",""
"FT3957",559.1934,110.1,"","",NA,"","",NA,"corgroup170","",""
"FT23430",560.502,657.6,"","",NA,"","",NA,"corgroup310","",""
"FT11897",561.2449,315.7,"","",NA,"","",NA,"corgroup152","",""
"FT13385",561.2453,357.8,"","",NA,"","",NA,"corgroup305","",""
"FT6997",562.2515,191.2,"","",NA,"","",NA,"corgroup46","",""
"FT5159",562.2724,140.6,"","",NA,"","",NA,"corgroup206","",""
"FT5263",562.2725,144.3,"","",NA,"","",NA,"corgroup149","",""
"FT0586",562.7986,27.4,"","",NA,"","",NA,"corgroup144","",""
"FT9405",563.2509,248.7,"","",NA,"","",NA,"corgroup145","",""
"FT8087",565.2121,216.6,"","",NA,"","",NA,"corgroup101","",""
"FT9141",565.2122,240.9,"","",NA,"","",NA,"corgroup260","",""
"FT7425",566.2015,201.1,"","",NA,"","",NA,"corgroup98","",""
"FT8553",567.2276,226.9,"","","FT8555-H2O","","","group31","corgroup160","+",""
"FT5213",567.2277,141.9,"","",NA,"","",NA,"corgroup204","",""
"FT10257",567.2277,269.8,"","",NA,"","",NA,"corgroup219","",""
"FT10547",567.2281,279.3,"","",NA,"","",NA,"corgroup309","",""
"FT13732",568.2595,367.6,"","",NA,"","",NA,"corgroup315","",""
"FT9966",569.243,264.3,"","",NA,"","",NA,"corgroup143","",""
"FT7887",569.2435,212.5,"","",NA,"","",NA,NA,"",""
"FT12022",570.275,319.6,"","",NA,"","",NA,"corgroup125","",""
"FT11762",570.2752,312.1,"","",NA,"","",NA,"corgroup126","",""
"FT13014",570.2752,347.3,"","",NA,"","",NA,"corgroup42","",""
"FT10527",570.2765,278.9,"","",NA,"","",NA,"corgroup252","",""
"FT5368",572.2356,147.6,"","",NA,"","",NA,"corgroup116","",""
"FT4327",572.2358,121.7,"","",NA,"","",NA,"corgroup213","",""
"FT5688",572.2358,156.2,"","",NA,"","",NA,"corgroup188","",""
"FT12032",572.2778,319.7,"","",NA,"","",NA,NA,"",""
"FT6858",573.2063,187.9,"","",NA,"","",NA,NA,"",""
"FT6406",573.2076,176.9,"","",NA,"","",NA,"corgroup177","",""
"FT10553",573.2766,279.5,"","",NA,"","",NA,NA,"",""
"FT7058",574.2509,195.2,"","",NA,"","",NA,"corgroup327","",""
"FT5525",574.2725,151.7,"","",NA,"","",NA,"corgroup158","",""
"FT5656",574.2727,155.2,"","",NA,"","",NA,"corgroup188","",""
"FT5459",575.1756,149.7,"","",NA,"","",NA,"corgroup116","",""
"FT12012",575.2304,319.4,"","",NA,"","",NA,"corgroup125","",""
"FT10358",575.2305,273.1,"","",NA,"","",NA,"corgroup24","",""
"FT5361",577.1911,146.5,"","",NA,"","",NA,"corgroup149","",""
"FT12489",577.2483,332.7,"","",NA,"","",NA,NA,"",""
"FT16641",577.2791,443.8,"","",NA,"","",NA,"corgroup81","",""
"FT0606",578.7723,28.3,"","",NA,"","",NA,"corgroup270","",""
"FT9239",580.2767,248.4,"","",NA,"","",NA,"corgroup80","",""
"FT7266",582.22,197.2,"","",NA,"","",NA,"corgroup172","",""
"FT4971",582.2409,136,"","",NA,"","",NA,"corgroup153","",""
"FT9148",583.2222,241.1,"","",NA,"","",NA,"corgroup151","",""
"FT11809",584.2543,313,"","",NA,"","","group9","corgroup126","+",""
"FT13103",584.2545,350.7,"","",NA,"","",NA,NA,"",""
"FT11536",584.2545,304.6,"","",NA,"","",NA,NA,"",""
"FT10832",584.2552,287.1,"","",NA,"","",NA,"corgroup119","",""
"FT8555",585.2365,226.9,"","",NA,"","","group31","corgroup160","+",""
"FT10617",585.2577,282,"","",NA,"","",NA,NA,"",""
"FT6323",586.2152,174.2,"","",NA,"","",NA,NA,"",""
"FT9430",586.2349,249.3,"","",NA,"","",NA,"corgroup120","",""
"FT11048",586.2696,291.6,"","",NA,"","",NA,"corgroup133","",""
"FT10673",586.27,282.9,"","",NA,"","",NA,"corgroup136","",""
"FT9755",586.2702,259.6,"","",NA,"","",NA,"corgroup189","",""
"FT9260",586.2709,244.5,"","",NA,"","",NA,"corgroup145","",""
"FT4769",587.1964,133.5,"","",NA,"","",NA,"corgroup28","",""
"FT8264",588.2672,220.6,"","",NA,"","",NA,"corgroup246","",""
"FT8780",588.2674,232.7,"","",NA,"","",NA,"corgroup78","",""
"FT10662",588.278,284.1,"","",NA,"","",NA,"corgroup115","",""
"FT10802",588.2853,285.8,"","",NA,"","",NA,"corgroup119","",""
"FT10490",588.286,277.4,"","",NA,"","",NA,"corgroup252","",""
"FT8808",588.3544,233.1,"","",NA,"","",NA,"corgroup65","",""
"FT5887",589.2017,162,"","",NA,"","",NA,"corgroup184","",""
"FT11328",589.2726,299.1,"","",NA,"","",NA,NA,"",""
"FT11361",591.2254,299.1,"","",NA,"","",NA,"corgroup128","",""
"FT9208",591.2254,242.9,"","",NA,"","",NA,"corgroup260","",""
"FT8802",592.2957,232.9,"","",NA,"","",NA,NA,"",""
"FT8310",592.2959,222.1,"","",NA,"","",NA,"corgroup246","",""
"FT10025",593.2282,264.5,"","",NA,"","",NA,"corgroup85","",""
"FT11323",593.2311,301.1,"","",NA,"","",NA,"corgroup127","",""
"FT9697",593.2435,257.7,"","","FT9698-H2O","","","group35","corgroup21","+",""
"FT22661",593.2772,625.5,"","",NA,"","",NA,NA,"",""
"FT22107",593.2772,608,"","",NA,"","",NA,NA,"",""
"FT13405",594.2097,358.1,"","",NA,"","",NA,"corgroup305","",""
"FT6823",595.1675,187.1,"","",NA,"","",NA,"corgroup146","",""
"FT7028",595.1676,191.8,"","",NA,"","",NA,"corgroup46","",""
"FT13682",595.1968,367,"","",NA,"","",NA,"corgroup320","",""
"FT12483",595.2591,333,"","",NA,"","",NA,"corgroup68","",""
"FT16646",595.2903,443.9,"","",NA,"","",NA,NA,"",""
"FT7303",596.2358,198.3,"","",NA,"","",NA,"corgroup57","",""
"FT5384",596.2567,147.7,"","",NA,"","",NA,"corgroup158","",""
"FT17557",596.312,471.1,"","",NA,"","",NA,NA,"",""
"FT10521",597.2125,276.7,"","",NA,"","",NA,"corgroup325","",""
"FT17759",598.3815,478.3,"","",NA,"","",NA,"corgroup262","",""
"FT17490",598.3816,469.1,"","",NA,"","",NA,"corgroup244","",""
"FT11621",599.3242,308,"","",NA,"","",NA,"corgroup87","",""
"FT8100",600.2499,216.8,"","",NA,"","",NA,"corgroup108","",""
"FT0511",600.834,27,"","",NA,"","",NA,"corgroup134","",""
"FT8153",601.2302,218,"","",NA,"","",NA,"corgroup108","",""
"FT17574",601.2669,471.6,"","",NA,"","",NA,"corgroup244","",""
"FT8590",601.2801,227.3,"","",NA,"","",NA,"corgroup160","",""
"FT9540",602.2649,252.3,"","",NA,"","",NA,"corgroup89","",""
"FT10548",602.2649,279.3,"","",NA,"","",NA,"corgroup252","",""
"FT8777",602.265,232.5,"","",NA,"","",NA,"corgroup78","",""
"FT8400",602.2651,224,"","",NA,"","",NA,"corgroup157","",""
"FT7982",602.2657,215.1,"","",NA,"","",NA,"corgroup164","",""
"FT7427",603.2065,201.1,"","",NA,"","",NA,"corgroup98","",""
"FT10096",603.3541,265,"","","FT10097-H2O","","","group6","corgroup267","+",""
"FT10384",603.3549,273.6,"","",NA,"","",NA,"corgroup70","",""
"FT11132",603.355,292.3,"","",NA,"","",NA,"corgroup348","",""
"FT10338",604.2807,272.4,"","",NA,"","",NA,"corgroup297","",""
"FT6038",606.2562,167.6,"","",NA,"","",NA,"corgroup139","",""
"FT6222",606.2564,171.9,"","",NA,"","",NA,"corgroup323","",""
"FT10491",606.3303,277.4,"","",NA,"","",NA,"corgroup130","",""
"FT8859",606.3502,234.5,"","",NA,"","",NA,"corgroup78","",""
"FT9770",607.1981,264.5,"","",NA,"","",NA,"corgroup143","",""
"FT7990",607.2212,215.2,"","",NA,"","",NA,"corgroup108","",""
"FT10827",607.2214,287,"","",NA,"","","group7","corgroup119","+",""
"FT8073",608.2907,216.5,"","",NA,"","",NA,"corgroup101","",""
"FT8242",608.2907,220.2,"","",NA,"","",NA,NA,"",""
"FT11038",609.1986,291.6,"","",NA,"","",NA,"corgroup131","",""
"FT8537",609.2237,226.8,"","",NA,"","",NA,"corgroup160","",""
"FT7882",609.2369,212.1,"","",NA,"","",NA,NA,"",""
"FT21732",609.2727,595.7,"","",NA,"","",NA,NA,"",""
"FT21327",609.273,583.5,"","",NA,"","",NA,"corgroup104","",""
"FT5171",611.1628,140.9,"","",NA,"","",NA,"corgroup236","",""
"FT6440",611.1631,177.3,"","",NA,"","",NA,"corgroup177","",""
"FT6215",611.2047,175.3,"","",NA,"","",NA,"corgroup176","",""
"FT6080",611.2122,168.1,"","",NA,"","",NA,"corgroup102","",""
"FT9698",611.2546,257.7,"","",NA,"","","group35","corgroup189","+",""
"FT10844",612.2862,287.5,"","",NA,"","",NA,"corgroup119","",""
"FT11137",613.2073,292.4,"","",NA,"","",NA,"corgroup131","",""
"FT9898",613.2076,263.5,"","",NA,"","",NA,"corgroup85","",""
"FT8778",614.2791,232.4,"","",NA,"","",NA,"corgroup53","",""
"FT11364",615.2101,297.3,"","",NA,"","",NA,NA,"",""
"FT0664",616.8123,28.6,"","",NA,"","",NA,"corgroup134","",""
"FT12491",617.2413,333.1,"","",NA,"","",NA,"corgroup68","",""
"FT10850",617.2436,288.7,"","",NA,"","",NA,NA,"",""
"FT8657",617.3387,230.9,"","",NA,"","",NA,"corgroup78","",""
"FT8045",618.2779,216.3,"","",NA,"","",NA,"corgroup35","",""
"FT8668",619.3497,229.3,"","",NA,"","",NA,"corgroup181","",""
"FT10964",619.3512,291.1,"","",NA,"","",NA,"corgroup131","",""
"FT15636",620.3665,420.2,"","",NA,"","",NA,"corgroup242","",""
"FT15916",620.3667,427.5,"","",NA,"","",NA,NA,"",""
"FT11129",620.3842,291.6,"","",NA,"","",NA,"corgroup131","",""
"FT10097",621.3654,265,"","",NA,"","","group6","corgroup143","+",""
"FT11521",621.366,303.7,"","",NA,"","",NA,NA,"",""
"FT9389",621.3682,247.3,"","",NA,"","",NA,"corgroup224","",""
"FT8583",621.3717,225.6,"","",NA,"","",NA,"corgroup272","",""
"FT17115",622.3826,457,"","",NA,"","",NA,"corgroup311","",""
"FT12696",622.3979,338.7,"","",NA,"","",NA,"corgroup255","",""
"FT20373",623.4039,552.4,"","",NA,"","",NA,NA,"",""
"FT6871",624.2867,188.1,"","",NA,"","",NA,"corgroup167","",""
"FT7174",625.1789,194.9,"","",NA,"","",NA,"corgroup327","",""
"FT21486",625.2678,587.9,"","",NA,"","",NA,NA,"",""
"FT6474",626.1739,177.5,"","",NA,"","",NA,"corgroup177","",""
"FT7832",626.3459,210.7,"","",NA,"","",NA,NA,"",""
"FT10611",627.2497,281.9,"","",NA,"","",NA,"corgroup252","",""
"FT11849",628.2808,315.1,"","",NA,"","",NA,"corgroup126","",""
"FT10840",629.2032,287.3,"","",NA,"","",NA,"corgroup119","",""
"FT11408",630.2963,300.2,"","",NA,"","",NA,"corgroup127","",""
"FT8641",634.3609,228.8,"","",NA,"","",NA,"corgroup160","",""
"FT11629",634.3612,308.1,"","",NA,"","",NA,"corgroup87","",""
"FT12023",634.3644,320.8,"","",NA,"","",NA,"corgroup125","",""
"FT8367",635.3451,223.5,"","",NA,"","",NA,"corgroup246","",""
"FT8587",638.3925,227.1,"","","FT8585-Anhydrohexose","","","group32","corgroup160","+",""
"FT8051",639.2088,214.6,"","",NA,"","",NA,"corgroup101","",""
"FT22311",639.2837,611.7,"","",NA,"","",NA,NA,"",""
"FT12024",639.3161,319.6,"","",NA,"","",NA,"corgroup125","",""
"FT7752",640.2637,208.4,"","",NA,"","",NA,"corgroup97","",""
"FT6740",641.2241,184.6,"","",NA,"","",NA,"corgroup109","",""
"FT6491",643.1511,177.6,"","","FT6490-SO3","","","group29",NA,"",""
"FT11526",643.3471,304.3,"","",NA,"","",NA,"corgroup271","",""
"FT10116",643.3473,265.4,"","",NA,"","",NA,"corgroup209","",""
"FT11159",643.3476,292.7,"","",NA,"","",NA,"corgroup131","",""
"FT9702",643.3479,257.9,"","",NA,"","",NA,"corgroup234","",""
"FT10381",643.3483,273.6,"","",NA,"","",NA,"corgroup70","",""
"FT9054",644.2757,239,"","",NA,"","",NA,"corgroup95","",""
"FT10475",644.2833,278.9,"","",NA,"","",NA,"corgroup130","",""
"FT6693",646.2688,186.7,"","",NA,"","",NA,"corgroup197","",""
"FT7282",649.3251,197.8,"","",NA,"","",NA,"corgroup212","",""
"FT9106",650.2991,240.5,"","",NA,"","",NA,"corgroup173","",""
"FT9676",650.3562,257,"","",NA,"","",NA,"corgroup189","",""
"FT15688",651.2226,421.4,"","",NA,"","",NA,NA,"",""
"FT10435",651.3335,275.3,"","",NA,"","",NA,"corgroup297","",""
"FT8248",652.2551,219,"","",NA,"","",NA,NA,"",""
"FT10946",654.3872,290.8,"","",NA,"","",NA,"corgroup131","",""
"FT8823",654.3875,233.4,"","",NA,"","",NA,"corgroup78","",""
"FT9167",654.3875,242,"","",NA,"","",NA,"corgroup151","",""
"FT8654",659.3412,229.1,"","",NA,"","",NA,"corgroup160","",""
"FT8923",664.3928,236.2,"","",NA,"","",NA,"corgroup65","",""
"FT8427",668.3665,224.2,"","","FT8429-SO3","","","group30","corgroup157","+",""
"FT8918",669.349,239,"","",NA,"","",NA,"corgroup173","",""
"FT9325",669.4104,246.2,"","",NA,"","",NA,"corgroup80","",""
"FT8363",670.3821,223.5,"","",NA,"","",NA,"corgroup157","",""
"FT9107",672.2834,240,"","",NA,"","",NA,"corgroup94","",""
"FT16876",672.419,451.3,"","",NA,"","",NA,NA,"",""
"FT11056",673.2666,291.5,"","",NA,"","",NA,"corgroup133","",""
"FT10931",675.3156,290.2,"","",NA,"","",NA,NA,"",""
"FT9306",678.3719,246.2,"","",NA,"","",NA,"corgroup145","",""
"FT7391",679.3574,200.7,"","",NA,"","",NA,NA,"",""
"FT9883",682.3823,263.3,"","",NA,"","",NA,"corgroup47","",""
"FT7032",682.4033,191.8,"","",NA,"","",NA,"corgroup302","",""
"FT0590",682.8005,27.9,"","",NA,"","",NA,"corgroup134","",""
"FT7280",684.361,197.6,"","",NA,"","",NA,"corgroup172","",""
"FT9315",686.4334,245.7,"","",NA,"","",NA,"corgroup273","",""
"FT9856",687.3365,262.9,"","",NA,"","",NA,"corgroup47","",""
"FT9114",694.2705,238.2,"","",NA,"","",NA,"corgroup45","",""
"FT7867",694.3671,207.3,"","",NA,"","",NA,"corgroup114","",""
"FT15072",694.4032,404.7,"","",NA,"","",NA,NA,"",""
"FT14676",694.4046,393.9,"","",NA,"","",NA,"corgroup84","",""
"FT7393",696.3832,199.4,"","",NA,"","",NA,"corgroup57","",""
"FT16126",696.4189,432.2,"","",NA,"","",NA,"corgroup280","",""
"FT11339",698.1837,299,"","",NA,"","",NA,NA,"",""
"FT14677",699.3586,394.8,"","",NA,"","",NA,NA,"",""
"FT5642",700.2839,154.8,"","",NA,"","",NA,"corgroup66","",""
"FT7406",701.3379,201,"","",NA,"","",NA,"corgroup186","",""
"FT5046",704.3145,138.5,"","",NA,"","",NA,"corgroup330","",""
"FT9981",705.2141,264.7,"","",NA,"","",NA,"corgroup47","",""
"FT1251",707.225,33.9,"","",NA,"","",NA,"corgroup129","",""
"FT5031",709.2695,138.1,"","",NA,"","",NA,"corgroup207","",""
"FT12104",710.3982,322.3,"","",NA,"","",NA,NA,"",""
"FT12119",715.3528,322.6,"","",NA,"","",NA,"corgroup342","",""
"FT8914",721.3389,236.1,"","",NA,"","",NA,"corgroup95","",""
"FT6490",723.1116,177.6,"","",NA,"","","group29","corgroup176","+",""
"FT13403",723.4348,358.7,"","",NA,"","",NA,"corgroup240","",""
"FT0486",724.7818,29,"","",NA,"","",NA,"corgroup134","",""
"FT8973",732.3283,237.3,"","",NA,"","",NA,"corgroup95","",""
"FT0593",734.8168,28.5,"","",NA,"","",NA,"corgroup134","",""
"FT0559",736.8112,28.6,"","",NA,"","",NA,"corgroup134","",""
"FT1259",739.1622,32.7,"","",NA,"","",NA,"corgroup129","",""
"FT8429",748.323,224.2,"","",NA,"","","group30","corgroup157","+",""
"FT7206",750.3203,195.4,"","",NA,"","",NA,"corgroup172","",""
"FT0560",752.7862,28.3,"","",NA,"","",NA,"corgroup134","",""
"FT7195",755.2775,195.1,"","",NA,"","",NA,"corgroup172","",""
"FT5162",757.2207,140.6,"","",NA,"","",NA,"corgroup206","",""
"FT4957",757.2212,135.1,"","",NA,"","",NA,"corgroup153","",""
"FT7822",764.3152,214.4,"","",NA,"","",NA,"corgroup31","",""
"FT7588",764.3155,204.7,"","",NA,"","",NA,"corgroup55","",""
"FT8953",765.4074,236.7,"","",NA,"","",NA,"corgroup45","",""
"FT12860",768.4554,344.1,"","",NA,"","",NA,NA,"",""
"FT7594",769.2696,206.6,"","",NA,"","",NA,"corgroup114","",""
"FT7924",769.2699,213.7,"","",NA,"","",NA,"corgroup164","",""
"FT4653",771.1996,129.6,"","",NA,"","",NA,"corgroup171","",""
"FT4645",773.2153,130.1,"","",NA,"","",NA,"corgroup232","",""
"FT4964",779.202,135.8,"","",NA,"","",NA,"corgroup207","",""
"FT11298",784.4496,297.9,"","",NA,"","",NA,"corgroup128","",""
"FT10352",784.4499,272.9,"","",NA,"","",NA,"corgroup196","",""
"FT11764",784.4499,312.1,"","",NA,"","",NA,"corgroup126","",""
"FT5254",787.2308,145.1,"","",NA,"","",NA,"corgroup149","",""
"FT8682",788.4812,229.5,"","",NA,"","",NA,"corgroup40","",""
"FT9357",791.4198,248.2,"","",NA,"","",NA,"corgroup145","",""
"FT8655",793.4358,229.1,"","",NA,"","",NA,"corgroup40","",""
"FT10623",796.4136,282.2,"","",NA,"","",NA,"corgroup136","",""
"FT8585",800.4449,227.1,"","",NA,"","","group32","corgroup160","+",""
"FT9382",800.4451,248.4,"","",NA,"","",NA,"corgroup145","",""
"FT8957",800.4452,236.9,"","",NA,"","",NA,"corgroup95","",""
"FT5172",801.1868,140.9,"","",NA,"","",NA,"corgroup162","",""
"FT0519",802.7986,28.5,"","",NA,"","",NA,"corgroup134","",""
"FT8593",805.4,227.3,"","",NA,"","",NA,"corgroup160","",""
"FT5252",809.2126,144,"","",NA,"","",NA,"corgroup337","",""
"FT4650",811.1744,130.6,"","",NA,"","",NA,"corgroup232","",""
"FT10229",816.4399,268.9,"","",NA,"","",NA,"corgroup219","",""
"FT7768",816.44,205.4,"","",NA,"","",NA,"corgroup55","",""
"FT4615",817.1756,131.4,"","",NA,"","",NA,NA,"",""
"FT0597",818.7751,28.2,"","",NA,"","",NA,"corgroup134","",""
"FT10730",821.3618,283.3,"","",NA,"","",NA,"corgroup115","",""
"FT7747",832.4348,208.3,"","",NA,"","",NA,"corgroup165","",""
"FT7171",832.4349,194.8,"","",NA,"","",NA,"corgroup327","",""
"FT8659",838.3513,229.2,"","",NA,"","",NA,"corgroup181","",""
"FT10719",843.3463,282.9,"","",NA,"","",NA,"corgroup136","",""
"FT6880",855.3309,186.5,"","",NA,"","",NA,"corgroup167","",""
"FT6304",855.3314,173.8,"","",NA,"","",NA,"corgroup176","",""
"FT14252",856.456,383.2,"","",NA,"","",NA,NA,"",""
"FT4652",857.1677,130.1,"","",NA,"","",NA,"corgroup58","",""
"FT11058",862.3771,291.5,"","",NA,"","",NA,"corgroup133","",""
"FT5170",863.1577,141.9,"","",NA,"","",NA,"corgroup321","",""
"FT11051",870.3865,291.6,"","",NA,"","",NA,"corgroup131","",""
"FT0562",870.7894,28.5,"","",NA,"","",NA,"corgroup134","",""
"FT4655",879.1501,128.7,"","",NA,"","",NA,"corgroup210","",""
"FT13444",879.4307,359.2,"","",NA,"","",NA,NA,"",""
"FT0521",886.7645,27.8,"","",NA,"","",NA,"corgroup134","",""
"FT10006",887.9173,263.4,"","",NA,"","",NA,"corgroup138","",""
"FT9972",896.4304,264.3,"","",NA,"","",NA,"corgroup143","",""
"FT10022",901.3809,264.5,"","",NA,"","",NA,"corgroup52","",""
"FT11094",908.3121,291.9,"","",NA,"","",NA,NA,"",""
"FT7651",910.3763,206.1,"","",NA,"","",NA,"corgroup161","",""
"FT6715",917.3681,184.2,"","",NA,"","",NA,"corgroup167","",""
"FT6739",934.3919,184.6,"","",NA,"","",NA,"corgroup146","",""
"FT9144",934.5391,241,"","",NA,"","",NA,"corgroup16","",""
"FT11899",941.5417,316.3,"","",NA,"","",NA,"corgroup296","",""
"FT8853",946.5026,234.3,"","",NA,"","",NA,"corgroup78","",""
"FT8838",951.4575,233.8,"","",NA,"","",NA,"corgroup78","",""
"FT0600",954.7472,28,"","",NA,"","",NA,"corgroup134","",""
"FT11909",958.5679,315.8,"","",NA,"","",NA,"corgroup152","",""
"FT7807",962.5005,211.1,"","",NA,"","",NA,"corgroup165","",""
"FT8062",962.5007,215.8,"","",NA,"","",NA,"corgroup101","",""
"FT7790",967.4506,209.9,"","",NA,"","",NA,"corgroup165","",""
"FT8049",967.4526,216.3,"","",NA,"","",NA,"corgroup101","",""
"FT21209",970.6115,580.7,"","",NA,"","",NA,"corgroup104","",""
"FT0563",970.7228,28.2,"","",NA,"","",NA,"corgroup134","",""
"FT21225",975.5658,581.3,"","",NA,"","",NA,"corgroup104","",""
"FT21393",977.9383,584.9,"","",NA,"","",NA,"corgroup334","",""
"FT12958",979.4987,346.6,"","",NA,"","",NA,"corgroup83","",""
"FT13365",981.5019,357.7,"","",NA,"","",NA,"corgroup240","",""
"FT9973",1057.5182,264.3,"","",NA,"","",NA,"corgroup209","",""
"FT9975",1074.5454,265.1,"","",NA,"","",NA,"corgroup140","",""
"FT7243",1124.5512,200.6,"","",NA,"","",NA,"corgroup57","",""
"FT7429",1129.5094,201.5,"","",NA,"","",NA,"corgroup326","",""
"FT9920",1158.508,263.1,"","",NA,"","",NA,"corgroup143","",""
"FT9976",1171.5336,263.4,"","",NA,"","",NA,"corgroup140","",""
"FT9977",1173.5282,263.6,"","",NA,"","",NA,"corgroup141","",""
"FT11103",1180.5478,291.3,"","",NA,"","",NA,"corgroup131","",""
"FT9985",1181.4376,264.5,"","",NA,"","",NA,"corgroup267","",""
"FT11363",1188.5563,298.4,"","",NA,"","",NA,"corgroup128","",""
"FT21390",1290.6301,585.1,"","",NA,"","",NA,"corgroup334","",""
